Invoice ID,Date,Billing Type,Billing Type Description,Distribution Channel,Customer ID,Customer Name,Division,Crop,Variety,Sales Unit,Own/Trade,Material Code,Material Description,Season Code,State,Territory,AM,RBM,DBM,Quantity,Sales Price,Amount INR,COGM
INV-FY2425-10001,2025-02-20,F2,Standard Invoice,Dealer,CUST-407876,"Dealer 407876",VG,Cabbage,Acsen Winner,Packets,Own,MAT-44610,"Cabbage Acsen Winner Seed (Packets)",N/A,Maharashtra,Marathwada,S. Patil,T. Singh,A. Deshmukh,20,280,5600,3394
INV-FY2425-10002,2025-01-28,F2,Standard Invoice,Dealer,CUST-544469,"Dealer 544469",FC,Cotton,Acsen White Gold,Packets,Own,MAT-68536,"Cotton Acsen White Gold Seed (Packets)",Rabi,Tamil Nadu,North TN,M. Selvam,Ramesh Nair,S. Kavin,101,908,91708,59448
INV-FY2425-10003,2024-11-29,F2,Standard Invoice,Dealer,CUST-873958,"Dealer 873958",VG,Chilli,Green Bullet,Packets,Own,MAT-37005,"Chilli Green Bullet Seed (Packets)",N/A,Karnataka,South Karnataka,B. Gowda,P. Joshi,H. Kumar,38,306,11628,7643
INV-FY2425-10004,2025-01-06,F2,Standard Invoice,Dealer,CUST-572106,"Dealer 572106",FC,Mustard,Pusa Bold,KG,Trade,MAT-84289,"Mustard Pusa Bold Seed (KG)",Rabi,Maharashtra,Vidarbha,S. Patil,T. Singh,A. Deshmukh,105,117,12285,7663
INV-FY2425-10005,2024-11-26,F2,Standard Invoice,Distributor,CUST-958767,"Distributor 958767",VG,Tomato,Acsen Hybrid T1,Packets,Trade,MAT-37652,"Tomato Acsen Hybrid T1 Seed (Packets)",N/A,Andhra Pradesh,Telangana Border,V. Naidu,K. Reddy,G. Rao,577,494,285038,194845
INV-FY2425-10006,2024-10-30,F2,Standard Invoice,Distributor,CUST-913024,"Distributor 913024",VG,Okra,No. 10,KG,Own,MAT-13125,"Okra No. 10 Seed (KG)",N/A,Tamil Nadu,North TN,M. Selvam,Ramesh Nair,S. Kavin,1005,195,195975,134066
INV-FY2425-10007,2025-01-19,F2,Standard Invoice,Dealer,CUST-237802,"Dealer 237802",FC,Maize,Kaveri Pro,KG,Own,MAT-50156,"Maize Kaveri Pro Seed (KG)",Rabi,Maharashtra,Marathwada,S. Patil,T. Singh,A. Deshmukh,99,86,8514,6023
INV-FY2425-10008,2024-11-28,F2,Standard Invoice,Distributor,CUST-639640,"Distributor 639640",VG,Chilli,Teja Hot,Packets,Trade,MAT-30202,"Chilli Teja Hot Seed (Packets)",N/A,Andhra Pradesh,Coastal AP,V. Naidu,K. Reddy,G. Rao,261,320,83520,57011
INV-FY2425-10009,2024-12-22,F2,Standard Invoice,Dealer,CUST-974573,"Dealer 974573",FC,Cotton,Kalyan,Packets,Own,MAT-60455,"Cotton Kalyan Seed (Packets)",Rabi,Tamil Nadu,West TN,M. Selvam,Ramesh Nair,S. Kavin,54,907,48978,33178
INV-FY2425-10010,2025-02-18,IPT,Stock Transfer (IPT),Dealer,CUST-568933,"Dealer 568933",VG,Okra,No. 10,KG,Own,MAT-46653,"Okra No. 10 Seed (KG)",N/A,Gujarat,North Gujarat,V. Patel,P. Joshi,R. Shah,745,198,147510,93673
INV-FY2425-10011,2024-10-04,F2,Standard Invoice,Dealer,CUST-348850,"Dealer 348850",VG,Tomato,Red Ruby,Packets,Own,MAT-93598,"Tomato Red Ruby Seed (Packets)",N/A,Karnataka,South Karnataka,B. Gowda,P. Joshi,H. Kumar,49,443,21707,13043
INV-FY2425-10012,2024-12-15,F2,Standard Invoice,Dealer,CUST-902313,"Dealer 902313",FC,Mustard,Pusa Bold,KG,Own,MAT-80918,"Mustard Pusa Bold Seed (KG)",Rabi,Karnataka,Coastal Karnataka,B. Gowda,P. Joshi,H. Kumar,91,119,10829,6684
INV-FY2425-10013,2025-02-12,F2,Standard Invoice,Dealer,CUST-943703,"Dealer 943703",VG,Okra,No. 10,KG,Own,MAT-81125,"Okra No. 10 Seed (KG)",N/A,Karnataka,North Karnataka,B. Gowda,P. Joshi,H. Kumar,78,180,14040,10529
INV-FY2425-10014,2024-12-12,F2,Standard Invoice,Dealer,CUST-199031,"Dealer 199031",VG,Cabbage,Acsen Winner,Packets,Own,MAT-37115,"Cabbage Acsen Winner Seed (Packets)",N/A,Tamil Nadu,East TN,M. Selvam,Ramesh Nair,S. Kavin,95,255,24225,15685
INV-FY2425-10015,2024-12-18,RE,Returns,Dealer,CUST-587098,"Dealer 587098",FC,Paddy,Samba Deluxe,KG,Own,MAT-41651,"Paddy Samba Deluxe Seed (KG)",Rabi,Maharashtra,Vidarbha,S. Patil,T. Singh,A. Deshmukh,23,71,1633,985
INV-FY2425-10016,2025-02-05,F2,Standard Invoice,Distributor,CUST-322815,"Distributor 322815",VG,Tomato,Gold Crest,Packets,Own,MAT-83684,"Tomato Gold Crest Seed (Packets)",N/A,Karnataka,South Karnataka,B. Gowda,P. Joshi,H. Kumar,415,414,171810,125927
INV-FY2425-10017,2025-03-29,F2,Standard Invoice,Dealer,CUST-583931,"Dealer 583931",FC,Cotton,Kalyan,Packets,Own,MAT-86015,"Cotton Kalyan Seed (Packets)",Summer,Gujarat,North Gujarat,V. Patel,P. Joshi,R. Shah,108,793,85644,52492
INV-FY2425-10018,2024-10-15,F2,Standard Invoice,Distributor,CUST-206948,"Distributor 206948",FC,Maize,Acsen Star,KG,Own,MAT-91657,"Maize Acsen Star Seed (KG)",Kharif,Andhra Pradesh,Telangana Border,V. Naidu,K. Reddy,G. Rao,498,86,42828,31625
INV-FY2425-10019,2025-03-23,F2,Standard Invoice,Dealer,CUST-248666,"Dealer 248666",FC,Cotton,Kalyan,Packets,Own,MAT-62836,"Cotton Kalyan Seed (Packets)",Summer,Maharashtra,Vidarbha,S. Patil,T. Singh,A. Deshmukh,35,877,30695,19151
INV-FY2425-10020,2024-09-23,F2,Standard Invoice,Distributor,CUST-624998,"Distributor 624998",FC,Cotton,Astra Bt2,Packets,Own,MAT-94331,"Cotton Astra Bt2 Seed (Packets)",Kharif,Maharashtra,Western Maharashtra,S. Patil,T. Singh,A. Deshmukh,518,833,431494,274505
INV-FY2425-10021,2024-10-03,F2,Standard Invoice,Dealer,CUST-998802,"Dealer 998802",FC,Paddy,Samba Deluxe,KG,Trade,MAT-35862,"Paddy Samba Deluxe Seed (KG)",Kharif,Maharashtra,Marathwada,S. Patil,T. Singh,A. Deshmukh,38,80,3040,1924
INV-FY2425-10022,2025-03-04,F2,Standard Invoice,Distributor,CUST-640915,"Distributor 640915",VG,Cabbage,Green Dome,Packets,Own,MAT-64539,"Cabbage Green Dome Seed (Packets)",N/A,Gujarat,Saurashtra,V. Patel,P. Joshi,R. Shah,280,263,73640,50757
INV-FY2425-10023,2024-09-15,F2,Standard Invoice,Dealer,CUST-881290,"Dealer 881290",VG,Tomato,Red Ruby,Packets,Trade,MAT-18915,"Tomato Red Ruby Seed (Packets)",N/A,Karnataka,Coastal Karnataka,B. Gowda,P. Joshi,H. Kumar,80,428,34240,22191
INV-FY2425-10024,2024-09-16,F2,Standard Invoice,Distributor,CUST-786809,"Distributor 786809",FC,Cotton,Kalyan,Packets,Own,MAT-29173,"Cotton Kalyan Seed (Packets)",Kharif,Karnataka,Coastal Karnataka,B. Gowda,P. Joshi,H. Kumar,804,813,653652,439549
INV-FY2425-10025,2024-09-20,F2,Standard Invoice,Dealer,CUST-317808,"Dealer 317808",FC,Cotton,Acsen White Gold,Packets,Own,MAT-23133,"Cotton Acsen White Gold Seed (Packets)",Kharif,Andhra Pradesh,Rayalaseema,V. Naidu,K. Reddy,G. Rao,70,860,60200,43845
INV-FY2425-10026,2024-09-10,F2,Standard Invoice,Dealer,CUST-303182,"Dealer 303182",VG,Tomato,Red Ruby,Packets,Trade,MAT-87482,"Tomato Red Ruby Seed (Packets)",N/A,Tamil Nadu,East TN,M. Selvam,Ramesh Nair,S. Kavin,18,474,8532,6117
INV-FY2425-10027,2024-12-21,F2,Standard Invoice,Distributor,CUST-737534,"Distributor 737534",VG,Cabbage,Green Dome,Packets,Trade,MAT-53618,"Cabbage Green Dome Seed (Packets)",N/A,Gujarat,North Gujarat,V. Patel,P. Joshi,R. Shah,767,300,230100,166098
INV-FY2425-10028,2025-02-05,F2,Standard Invoice,Distributor,CUST-486494,"Distributor 486494",VG,Cabbage,Green Dome,Packets,Own,MAT-78649,"Cabbage Green Dome Seed (Packets)",N/A,Andhra Pradesh,Coastal AP,V. Naidu,K. Reddy,G. Rao,762,253,192786,130198
INV-FY2425-10029,2024-11-21,F2,Standard Invoice,Dealer,CUST-285696,"Dealer 285696",VG,Chilli,Green Bullet,Packets,Own,MAT-11568,"Chilli Green Bullet Seed (Packets)",N/A,Andhra Pradesh,Rayalaseema,V. Naidu,K. Reddy,G. Rao,77,316,24332,17003
INV-FY2425-10030,2025-03-09,F2,Standard Invoice,Dealer,CUST-190692,"Dealer 190692",VG,Cabbage,Green Dome,Packets,Own,MAT-49484,"Cabbage Green Dome Seed (Packets)",N/A,Tamil Nadu,North TN,M. Selvam,Ramesh Nair,S. Kavin,77,276,21252,13882
INV-FY2425-10031,2024-11-16,F2,Standard Invoice,Distributor,CUST-539347,"Distributor 539347",VG,Okra,Siri Green,KG,Own,MAT-68850,"Okra Siri Green Seed (KG)",N/A,Tamil Nadu,North TN,M. Selvam,Ramesh Nair,S. Kavin,549,182,99918,68798
INV-FY2425-10032,2025-01-28,IPT,Stock Transfer (IPT),Dealer,CUST-445829,"Dealer 445829",VG,Cabbage,Green Dome,Packets,Trade,MAT-44941,"Cabbage Green Dome Seed (Packets)",N/A,Gujarat,Saurashtra,V. Patel,P. Joshi,R. Shah,727,253,183931,123565
INV-FY2425-10033,2025-02-17,F2,Standard Invoice,Distributor,CUST-356659,"Distributor 356659",VG,Tomato,Acsen Hybrid T1,Packets,Trade,MAT-98715,"Tomato Acsen Hybrid T1 Seed (Packets)",N/A,Karnataka,North Karnataka,B. Gowda,P. Joshi,H. Kumar,983,477,468891,327209
INV-FY2425-10034,2024-11-26,S1,Cancelled Invoice,Dealer,CUST-224437,"Dealer 224437",FC,Paddy,Samba Deluxe,KG,Own,MAT-49635,"Paddy Samba Deluxe Seed (KG)",Rabi,Gujarat,South Gujarat,V. Patel,P. Joshi,R. Shah,33,72,2376,1605
INV-FY2425-10035,2024-09-23,F2,Standard Invoice,Dealer,CUST-496794,"Dealer 496794",FC,Cotton,Kalyan,Packets,Own,MAT-90979,"Cotton Kalyan Seed (Packets)",Kharif,Karnataka,North Karnataka,B. Gowda,P. Joshi,H. Kumar,93,885,82305,52672
INV-FY2425-10036,2024-09-11,F2,Standard Invoice,Distributor,CUST-120325,"Distributor 120325",FC,Paddy,Samba Deluxe,KG,Own,MAT-36371,"Paddy Samba Deluxe Seed (KG)",Kharif,Gujarat,South Gujarat,V. Patel,P. Joshi,R. Shah,967,68,65756,43711
INV-FY2425-10037,2024-09-23,F2,Standard Invoice,Distributor,CUST-810744,"Distributor 810744",FC,Cotton,Kalyan,Packets,Own,MAT-73418,"Cotton Kalyan Seed (Packets)",Kharif,Maharashtra,Western Maharashtra,S. Patil,T. Singh,A. Deshmukh,945,814,769230,512012
INV-FY2425-10038,2025-01-06,F2,Standard Invoice,Dealer,CUST-959838,"Dealer 959838",VG,Tomato,Red Ruby,Packets,Trade,MAT-46634,"Tomato Red Ruby Seed (Packets)",N/A,Karnataka,North Karnataka,B. Gowda,P. Joshi,H. Kumar,106,424,44944,31515
INV-FY2425-10039,2024-09-16,F2,Standard Invoice,Dealer,CUST-306890,"Dealer 306890",FC,Cotton,Kalyan,Packets,Own,MAT-13275,"Cotton Kalyan Seed (Packets)",Kharif,Gujarat,South Gujarat,V. Patel,P. Joshi,R. Shah,76,907,68932,48384
INV-FY2425-10040,2025-01-15,F2,Standard Invoice,Dealer,CUST-715033,"Dealer 715033",FC,Mustard,Acsen Kanti,KG,Own,MAT-21499,"Mustard Acsen Kanti Seed (KG)",Rabi,Gujarat,North Gujarat,V. Patel,P. Joshi,R. Shah,45,119,5355,3330
INV-FY2425-10041,2024-09-03,F2,Standard Invoice,Distributor,CUST-570609,"Distributor 570609",VG,Chilli,Acsen Guntur Special,Packets,Own,MAT-61724,"Chilli Acsen Guntur Special Seed (Packets)",N/A,Andhra Pradesh,Coastal AP,V. Naidu,K. Reddy,G. Rao,877,350,306950,223412
INV-FY2425-10042,2024-11-04,F2,Standard Invoice,Distributor,CUST-741711,"Distributor 741711",FC,Mustard,Acsen Kanti,KG,Own,MAT-25398,"Mustard Acsen Kanti Seed (KG)",Rabi,Maharashtra,Marathwada,S. Patil,T. Singh,A. Deshmukh,921,118,108678,68071
INV-FY2425-10043,2025-01-28,IPT,Stock Transfer (IPT),Dealer,CUST-167436,"Dealer 167436",VG,Okra,Siri Green,KG,Own,MAT-60052,"Okra Siri Green Seed (KG)",N/A,Tamil Nadu,West TN,M. Selvam,Ramesh Nair,S. Kavin,747,177,132219,82140
INV-FY2425-10044,2025-03-11,F2,Standard Invoice,Distributor,CUST-483419,"Distributor 483419",VG,Tomato,Acsen Hybrid T1,Packets,Trade,MAT-60514,"Tomato Acsen Hybrid T1 Seed (Packets)",N/A,Gujarat,South Gujarat,V. Patel,P. Joshi,R. Shah,160,413,66080,44936
INV-FY2425-10045,2024-11-22,RE,Returns,Dealer,CUST-567834,"Dealer 567834",FC,Cotton,Astra Bt2,Packets,Trade,MAT-32586,"Cotton Astra Bt2 Seed (Packets)",Rabi,Andhra Pradesh,Rayalaseema,V. Naidu,K. Reddy,G. Rao,65,914,59410,38460
INV-FY2425-10046,2024-12-03,S1,Cancelled Invoice,Dealer,CUST-100006,"Dealer 100006",VG,Cabbage,Green Dome,Packets,Own,MAT-61567,"Cabbage Green Dome Seed (Packets)",N/A,Karnataka,North Karnataka,B. Gowda,P. Joshi,H. Kumar,54,290,15660,10608
INV-FY2425-10047,2025-01-17,F2,Standard Invoice,Distributor,CUST-638455,"Distributor 638455",FC,Paddy,Samba Deluxe,KG,Own,MAT-32928,"Paddy Samba Deluxe Seed (KG)",Rabi,Maharashtra,Vidarbha,S. Patil,T. Singh,A. Deshmukh,755,71,53605,34134
INV-FY2425-10048,2024-12-06,F2,Standard Invoice,Distributor,CUST-892993,"Distributor 892993",FC,Maize,Super Gold 99,KG,Own,MAT-96476,"Maize Super Gold 99 Seed (KG)",Rabi,Gujarat,North Gujarat,V. Patel,P. Joshi,R. Shah,933,96,89568,66932
INV-FY2425-10049,2024-12-04,F2,Standard Invoice,Dealer,CUST-664999,"Dealer 664999",VG,Okra,No. 10,KG,Own,MAT-90975,"Okra No. 10 Seed (KG)",N/A,Karnataka,North Karnataka,B. Gowda,P. Joshi,H. Kumar,33,187,6171,3972
INV-FY2425-10050,2024-10-11,F2,Standard Invoice,Dealer,CUST-146862,"Dealer 146862",FC,Mustard,Acsen Kanti,KG,Own,MAT-89266,"Mustard Acsen Kanti Seed (KG)",Kharif,Karnataka,Coastal Karnataka,B. Gowda,P. Joshi,H. Kumar,92,102,9384,6043
INV-FY2425-10051,2024-10-31,RE,Returns,Distributor,CUST-982620,"Distributor 982620",VG,Tomato,Acsen Hybrid T1,Packets,Own,MAT-80686,"Tomato Acsen Hybrid T1 Seed (Packets)",N/A,Andhra Pradesh,Rayalaseema,V. Naidu,K. Reddy,G. Rao,331,474,156894,97501
INV-FY2425-10052,2025-01-14,F2,Standard Invoice,Dealer,CUST-821789,"Dealer 821789",FC,Mustard,Pusa Bold,KG,Own,MAT-70081,"Mustard Pusa Bold Seed (KG)",Rabi,Tamil Nadu,South TN,M. Selvam,Ramesh Nair,S. Kavin,55,112,6160,3871
INV-FY2425-10053,2024-09-24,F2,Standard Invoice,Dealer,CUST-707399,"Dealer 707399",VG,Cabbage,Green Dome,Packets,Own,MAT-80447,"Cabbage Green Dome Seed (Packets)",N/A,Tamil Nadu,East TN,M. Selvam,Ramesh Nair,S. Kavin,59,262,15458,11552
INV-FY2425-10054,2024-12-12,RE,Returns,Dealer,CUST-388406,"Dealer 388406",FC,Mustard,Pusa Bold,KG,Trade,MAT-43547,"Mustard Pusa Bold Seed (KG)",Rabi,Andhra Pradesh,Telangana Border,V. Naidu,K. Reddy,G. Rao,68,115,7820,5237
INV-FY2425-10055,2025-02-15,F2,Standard Invoice,Distributor,CUST-823960,"Distributor 823960",VG,Tomato,Gold Crest,Packets,Own,MAT-54733,"Tomato Gold Crest Seed (Packets)",N/A,Gujarat,North Gujarat,V. Patel,P. Joshi,R. Shah,675,447,301725,204751
INV-FY2425-10056,2025-03-26,F2,Standard Invoice,Distributor,CUST-393747,"Distributor 393747",VG,Cabbage,Green Dome,Packets,Own,MAT-10722,"Cabbage Green Dome Seed (Packets)",N/A,Maharashtra,Western Maharashtra,S. Patil,T. Singh,A. Deshmukh,431,285,122835,84080
INV-FY2425-10057,2025-03-25,F2,Standard Invoice,Dealer,CUST-953797,"Dealer 953797",FC,Cotton,Kalyan,Packets,Own,MAT-62714,"Cotton Kalyan Seed (Packets)",Summer,Tamil Nadu,East TN,M. Selvam,Ramesh Nair,S. Kavin,29,835,24215,15477
INV-FY2425-10058,2024-09-03,F2,Standard Invoice,Dealer,CUST-391127,"Dealer 391127",FC,Maize,Kaveri Pro,KG,Own,MAT-61287,"Maize Kaveri Pro Seed (KG)",Kharif,Andhra Pradesh,Rayalaseema,V. Naidu,K. Reddy,G. Rao,19,98,1862,1354
INV-FY2425-10059,2025-01-14,F2,Standard Invoice,Dealer,CUST-515429,"Dealer 515429",VG,Tomato,Acsen Hybrid T1,Packets,Own,MAT-93470,"Tomato Acsen Hybrid T1 Seed (Packets)",N/A,Tamil Nadu,East TN,M. Selvam,Ramesh Nair,S. Kavin,25,415,10375,7042
INV-FY2425-10060,2025-01-05,S1,Cancelled Invoice,Dealer,CUST-842216,"Dealer 842216",FC,Paddy,Super Sona,KG,Own,MAT-33167,"Paddy Super Sona Seed (KG)",Rabi,Maharashtra,Vidarbha,S. Patil,T. Singh,A. Deshmukh,59,74,4366,3074
INV-FY2425-10061,2024-11-05,F2,Standard Invoice,Dealer,CUST-514969,"Dealer 514969",FC,Cotton,Acsen White Gold,Packets,Own,MAT-39168,"Cotton Acsen White Gold Seed (Packets)",Rabi,Gujarat,South Gujarat,V. Patel,P. Joshi,R. Shah,36,902,32472,23979
INV-FY2425-10062,2024-11-12,F2,Standard Invoice,Dealer,CUST-754407,"Dealer 754407",VG,Tomato,Gold Crest,Packets,Own,MAT-43378,"Tomato Gold Crest Seed (Packets)",N/A,Maharashtra,Western Maharashtra,S. Patil,T. Singh,A. Deshmukh,92,453,41676,25529
INV-FY2425-10063,2024-12-31,F2,Standard Invoice,Dealer,CUST-676226,"Dealer 676226",FC,Mustard,Acsen Kanti,KG,Own,MAT-64268,"Mustard Acsen Kanti Seed (KG)",Rabi,Maharashtra,Marathwada,S. Patil,T. Singh,A. Deshmukh,55,104,5720,3634
INV-FY2425-10064,2025-02-22,F2,Standard Invoice,Distributor,CUST-696426,"Distributor 696426",FC,Cotton,Kalyan,Packets,Own,MAT-27510,"Cotton Kalyan Seed (Packets)",Rabi,Tamil Nadu,North TN,M. Selvam,Ramesh Nair,S. Kavin,297,916,272052,178918
INV-FY2425-10065,2025-02-11,F2,Standard Invoice,Dealer,CUST-401906,"Dealer 401906",VG,Okra,No. 10,KG,Own,MAT-33894,"Okra No. 10 Seed (KG)",N/A,Karnataka,South Karnataka,B. Gowda,P. Joshi,H. Kumar,85,184,15640,10727
INV-FY2425-10066,2024-10-30,F2,Standard Invoice,Dealer,CUST-364852,"Dealer 364852",FC,Cotton,Kalyan,Packets,Own,MAT-26706,"Cotton Kalyan Seed (Packets)",Kharif,Andhra Pradesh,Coastal AP,V. Naidu,K. Reddy,G. Rao,48,804,38592,24865
INV-FY2425-10067,2024-09-15,F2,Standard Invoice,Distributor,CUST-741657,"Distributor 741657",VG,Cabbage,Green Dome,Packets,Own,MAT-85368,"Cabbage Green Dome Seed (Packets)",N/A,Karnataka,North Karnataka,B. Gowda,P. Joshi,H. Kumar,351,306,107406,67708
INV-FY2425-10068,2024-09-20,F2,Standard Invoice,Distributor,CUST-665814,"Distributor 665814",FC,Paddy,Super Sona,KG,Own,MAT-77269,"Paddy Super Sona Seed (KG)",Kharif,Tamil Nadu,South TN,M. Selvam,Ramesh Nair,S. Kavin,763,79,60277,44793
INV-FY2425-10069,2024-11-08,RE,Returns,Dealer,CUST-328916,"Dealer 328916",FC,Paddy,Super Sona,KG,Own,MAT-17104,"Paddy Super Sona Seed (KG)",Rabi,Karnataka,Coastal Karnataka,B. Gowda,P. Joshi,H. Kumar,38,77,2926,1811
INV-FY2425-10070,2024-11-18,F2,Standard Invoice,Dealer,CUST-301937,"Dealer 301937",VG,Chilli,Acsen Guntur Special,Packets,Own,MAT-82010,"Chilli Acsen Guntur Special Seed (Packets)",N/A,Gujarat,Saurashtra,V. Patel,P. Joshi,R. Shah,56,344,19264,13004
INV-FY2425-10071,2025-02-19,F2,Standard Invoice,Dealer,CUST-737093,"Dealer 737093",FC,Cotton,Astra Bt2,Packets,Own,MAT-89774,"Cotton Astra Bt2 Seed (Packets)",Rabi,Andhra Pradesh,Rayalaseema,V. Naidu,K. Reddy,G. Rao,31,866,26846,17435
INV-FY2425-10072,2024-09-08,F2,Standard Invoice,Dealer,CUST-940022,"Dealer 940022",FC,Maize,Super Gold 99,KG,Own,MAT-38405,"Maize Super Gold 99 Seed (KG)",Kharif,Andhra Pradesh,Coastal AP,V. Naidu,K. Reddy,G. Rao,74,87,6438,3916
INV-FY2425-10073,2024-12-04,F2,Standard Invoice,Dealer,CUST-828918,"Dealer 828918",FC,Mustard,Acsen Kanti,KG,Own,MAT-36907,"Mustard Acsen Kanti Seed (KG)",Rabi,Gujarat,Saurashtra,V. Patel,P. Joshi,R. Shah,34,102,3468,2183
INV-FY2425-10074,2024-10-18,F2,Standard Invoice,Dealer,CUST-771904,"Dealer 771904",FC,Mustard,Acsen Kanti,KG,Own,MAT-80265,"Mustard Acsen Kanti Seed (KG)",Kharif,Maharashtra,Western Maharashtra,S. Patil,T. Singh,A. Deshmukh,108,117,12636,8576
INV-FY2425-10075,2024-09-07,IPT,Stock Transfer (IPT),Dealer,CUST-844528,"Dealer 844528",VG,Tomato,Acsen Hybrid T1,Packets,Own,MAT-85365,"Tomato Acsen Hybrid T1 Seed (Packets)",N/A,Andhra Pradesh,Telangana Border,V. Naidu,K. Reddy,G. Rao,199,484,96316,69816
INV-FY2425-10076,2025-02-11,F2,Standard Invoice,Dealer,CUST-432024,"Dealer 432024",VG,Chilli,Green Bullet,Packets,Own,MAT-71765,"Chilli Green Bullet Seed (Packets)",N/A,Maharashtra,Vidarbha,S. Patil,T. Singh,A. Deshmukh,45,323,14535,10171
INV-FY2425-10077,2024-10-05,F2,Standard Invoice,Dealer,CUST-963981,"Dealer 963981",VG,Tomato,Red Ruby,Packets,Own,MAT-35881,"Tomato Red Ruby Seed (Packets)",N/A,Tamil Nadu,North TN,M. Selvam,Ramesh Nair,S. Kavin,28,426,11928,7344
INV-FY2425-10078,2024-10-07,F2,Standard Invoice,Dealer,CUST-387480,"Dealer 387480",FC,Maize,Super Gold 99,KG,Trade,MAT-54893,"Maize Super Gold 99 Seed (KG)",Kharif,Tamil Nadu,South TN,M. Selvam,Ramesh Nair,S. Kavin,16,88,1408,944
INV-FY2425-10079,2025-02-16,F2,Standard Invoice,Distributor,CUST-258568,"Distributor 258568",VG,Tomato,Acsen Hybrid T1,Packets,Own,MAT-25108,"Tomato Acsen Hybrid T1 Seed (Packets)",N/A,Maharashtra,Western Maharashtra,S. Patil,T. Singh,A. Deshmukh,878,450,395100,242047
INV-FY2425-10080,2025-01-22,S1,Cancelled Invoice,Distributor,CUST-961482,"Distributor 961482",VG,Cabbage,Green Dome,Packets,Own,MAT-32839,"Cabbage Green Dome Seed (Packets)",N/A,Tamil Nadu,West TN,M. Selvam,Ramesh Nair,S. Kavin,1013,285,288705,213200
INV-FY2425-10081,2025-01-24,F2,Standard Invoice,Dealer,CUST-327901,"Dealer 327901",FC,Paddy,Acsen Ponni,KG,Trade,MAT-67075,"Paddy Acsen Ponni Seed (KG)",Rabi,Maharashtra,Marathwada,S. Patil,T. Singh,A. Deshmukh,59,79,4661,2952
INV-FY2425-10082,2024-10-24,F2,Standard Invoice,Dealer,CUST-518908,"Dealer 518908",FC,Maize,Kaveri Pro,KG,Trade,MAT-78967,"Maize Kaveri Pro Seed (KG)",Kharif,Gujarat,North Gujarat,V. Patel,P. Joshi,R. Shah,68,92,6256,4619
INV-FY2425-10083,2024-12-22,F2,Standard Invoice,Dealer,CUST-782396,"Dealer 782396",FC,Mustard,Acsen Kanti,KG,Own,MAT-16615,"Mustard Acsen Kanti Seed (KG)",Rabi,Maharashtra,Marathwada,S. Patil,T. Singh,A. Deshmukh,84,109,9156,6464
INV-FY2425-10084,2024-12-19,F2,Standard Invoice,Dealer,CUST-572961,"Dealer 572961",FC,Cotton,Kalyan,Packets,Trade,MAT-40872,"Cotton Kalyan Seed (Packets)",Rabi,Gujarat,Saurashtra,V. Patel,P. Joshi,R. Shah,46,830,38180,28192
INV-FY2425-10085,2024-12-07,IPT,Stock Transfer (IPT),Dealer,CUST-292875,"Dealer 292875",FC,Mustard,Acsen Kanti,KG,Own,MAT-55931,"Mustard Acsen Kanti Seed (KG)",Rabi,Maharashtra,Marathwada,S. Patil,T. Singh,A. Deshmukh,1088,114,124032,88328
INV-FY2425-10086,2025-01-07,F2,Standard Invoice,Dealer,CUST-633727,"Dealer 633727",FC,Paddy,Super Sona,KG,Own,MAT-86990,"Paddy Super Sona Seed (KG)",Rabi,Andhra Pradesh,Coastal AP,V. Naidu,K. Reddy,G. Rao,47,69,3243,2331
INV-FY2425-10087,2024-09-06,F2,Standard Invoice,Dealer,CUST-916823,"Dealer 916823",FC,Paddy,Samba Deluxe,KG,Trade,MAT-88607,"Paddy Samba Deluxe Seed (KG)",Kharif,Maharashtra,Western Maharashtra,S. Patil,T. Singh,A. Deshmukh,29,75,2175,1374
INV-FY2425-10088,2024-11-30,RE,Returns,Dealer,CUST-523529,"Dealer 523529",FC,Paddy,Super Sona,KG,Own,MAT-29692,"Paddy Super Sona Seed (KG)",Rabi,Gujarat,North Gujarat,V. Patel,P. Joshi,R. Shah,105,75,7875,5171
INV-FY2425-10089,2025-02-14,F2,Standard Invoice,Dealer,CUST-175555,"Dealer 175555",VG,Tomato,Acsen Hybrid T1,Packets,Own,MAT-54981,"Tomato Acsen Hybrid T1 Seed (Packets)",N/A,Andhra Pradesh,Telangana Border,V. Naidu,K. Reddy,G. Rao,56,491,27496,16815
INV-FY2425-10090,2025-03-29,F2,Standard Invoice,Dealer,CUST-122775,"Dealer 122775",FC,Paddy,Acsen Ponni,KG,Own,MAT-57329,"Paddy Acsen Ponni Seed (KG)",Summer,Gujarat,South Gujarat,V. Patel,P. Joshi,R. Shah,34,73,2482,1835
INV-FY2425-10091,2025-01-17,F2,Standard Invoice,Dealer,CUST-825447,"Dealer 825447",VG,Chilli,Green Bullet,Packets,Own,MAT-25506,"Chilli Green Bullet Seed (Packets)",N/A,Gujarat,Saurashtra,V. Patel,P. Joshi,R. Shah,71,303,21513,14404
INV-FY2425-10092,2025-03-22,F2,Standard Invoice,Dealer,CUST-645512,"Dealer 645512",VG,Okra,Siri Green,KG,Own,MAT-87707,"Okra Siri Green Seed (KG)",N/A,Karnataka,Coastal Karnataka,B. Gowda,P. Joshi,H. Kumar,93,194,18042,12219
INV-FY2425-10093,2025-01-24,F2,Standard Invoice,Distributor,CUST-230331,"Distributor 230331",VG,Okra,No. 10,KG,Trade,MAT-17953,"Okra No. 10 Seed (KG)",N/A,Gujarat,South Gujarat,V. Patel,P. Joshi,R. Shah,381,183,69723,51221
INV-FY2425-10094,2025-01-04,F2,Standard Invoice,Distributor,CUST-630723,"Distributor 630723",FC,Maize,Super Gold 99,KG,Own,MAT-86213,"Maize Super Gold 99 Seed (KG)",Rabi,Andhra Pradesh,Coastal AP,V. Naidu,K. Reddy,G. Rao,1078,82,88396,55362
INV-FY2425-10095,2024-11-24,S1,Cancelled Invoice,Distributor,CUST-981093,"Distributor 981093",FC,Mustard,Pusa Bold,KG,Own,MAT-63835,"Mustard Pusa Bold Seed (KG)",Rabi,Gujarat,Saurashtra,V. Patel,P. Joshi,R. Shah,253,117,29601,19066
INV-FY2425-10096,2024-11-20,F2,Standard Invoice,Distributor,CUST-959701,"Distributor 959701",VG,Tomato,Red Ruby,Packets,Own,MAT-98346,"Tomato Red Ruby Seed (Packets)",N/A,Maharashtra,Vidarbha,S. Patil,T. Singh,A. Deshmukh,710,440,312400,231054
INV-FY2425-10097,2025-01-20,F2,Standard Invoice,Distributor,CUST-250656,"Distributor 250656",VG,Cabbage,Acsen Winner,Packets,Own,MAT-23565,"Cabbage Acsen Winner Seed (Packets)",N/A,Maharashtra,Western Maharashtra,S. Patil,T. Singh,A. Deshmukh,136,303,41208,30538
INV-FY2425-10098,2025-02-21,F2,Standard Invoice,Dealer,CUST-779649,"Dealer 779649",VG,Tomato,Red Ruby,Packets,Own,MAT-20747,"Tomato Red Ruby Seed (Packets)",N/A,Andhra Pradesh,Coastal AP,V. Naidu,K. Reddy,G. Rao,89,431,38359,23875
INV-FY2425-10099,2024-11-21,F2,Standard Invoice,Distributor,CUST-200980,"Distributor 200980",FC,Maize,Kaveri Pro,KG,Own,MAT-16849,"Maize Kaveri Pro Seed (KG)",Rabi,Andhra Pradesh,Coastal AP,V. Naidu,K. Reddy,G. Rao,464,94,43616,27463
INV-FY2425-10100,2024-11-28,F2,Standard Invoice,Dealer,CUST-788702,"Dealer 788702",FC,Mustard,Pusa Bold,KG,Own,MAT-82186,"Mustard Pusa Bold Seed (KG)",Rabi,Karnataka,North Karnataka,B. Gowda,P. Joshi,H. Kumar,49,118,5782,3998
INV-FY2425-10101,2024-11-29,F2,Standard Invoice,Dealer,CUST-483544,"Dealer 483544",VG,Tomato,Red Ruby,Packets,Own,MAT-12432,"Tomato Red Ruby Seed (Packets)",N/A,Gujarat,Saurashtra,V. Patel,P. Joshi,R. Shah,37,421,15577,9964
INV-FY2425-10102,2024-10-15,F2,Standard Invoice,Dealer,CUST-212843,"Dealer 212843",VG,Chilli,Teja Hot,Packets,Own,MAT-24021,"Chilli Teja Hot Seed (Packets)",N/A,Maharashtra,Marathwada,S. Patil,T. Singh,A. Deshmukh,11,339,3729,2522
INV-FY2425-10103,2025-02-09,F2,Standard Invoice,Distributor,CUST-403346,"Distributor 403346",VG,Chilli,Teja Hot,Packets,Own,MAT-55104,"Chilli Teja Hot Seed (Packets)",N/A,Andhra Pradesh,Rayalaseema,V. Naidu,K. Reddy,G. Rao,864,325,280800,188817
INV-FY2425-10104,2024-12-04,F2,Standard Invoice,Dealer,CUST-415753,"Dealer 415753",VG,Chilli,Teja Hot,Packets,Own,MAT-36535,"Chilli Teja Hot Seed (Packets)",N/A,Tamil Nadu,South TN,M. Selvam,Ramesh Nair,S. Kavin,85,331,28135,20876
INV-FY2425-10105,2024-09-09,F2,Standard Invoice,Distributor,CUST-411990,"Distributor 411990",VG,Tomato,Red Ruby,Packets,Own,MAT-42165,"Tomato Red Ruby Seed (Packets)",N/A,Maharashtra,Western Maharashtra,S. Patil,T. Singh,A. Deshmukh,690,438,302220,209409
INV-FY2425-10106,2024-10-27,F2,Standard Invoice,Dealer,CUST-503576,"Dealer 503576",VG,Okra,No. 10,KG,Own,MAT-26624,"Okra No. 10 Seed (KG)",N/A,Andhra Pradesh,Telangana Border,V. Naidu,K. Reddy,G. Rao,60,188,11280,6868
INV-FY2425-10107,2024-12-25,F2,Standard Invoice,Dealer,CUST-545992,"Dealer 545992",VG,Tomato,Acsen Hybrid T1,Packets,Own,MAT-86008,"Tomato Acsen Hybrid T1 Seed (Packets)",N/A,Maharashtra,Western Maharashtra,S. Patil,T. Singh,A. Deshmukh,51,435,22185,14680
INV-FY2425-10108,2024-11-26,F2,Standard Invoice,Dealer,CUST-736743,"Dealer 736743",VG,Chilli,Teja Hot,Packets,Own,MAT-99253,"Chilli Teja Hot Seed (Packets)",N/A,Andhra Pradesh,Telangana Border,V. Naidu,K. Reddy,G. Rao,16,313,5008,3018
INV-FY2425-10109,2024-12-08,F2,Standard Invoice,Dealer,CUST-433868,"Dealer 433868",VG,Tomato,Gold Crest,Packets,Own,MAT-84480,"Tomato Gold Crest Seed (Packets)",N/A,Andhra Pradesh,Rayalaseema,V. Naidu,K. Reddy,G. Rao,20,475,9500,5805
INV-FY2425-10110,2025-03-26,F2,Standard Invoice,Distributor,CUST-892739,"Distributor 892739",VG,Tomato,Red Ruby,Packets,Own,MAT-51422,"Tomato Red Ruby Seed (Packets)",N/A,Gujarat,South Gujarat,V. Patel,P. Joshi,R. Shah,508,452,229616,152726
INV-FY2425-10111,2024-09-18,F2,Standard Invoice,Distributor,CUST-141827,"Distributor 141827",FC,Paddy,Acsen Ponni,KG,Own,MAT-48815,"Paddy Acsen Ponni Seed (KG)",Kharif,Tamil Nadu,East TN,M. Selvam,Ramesh Nair,S. Kavin,802,79,63358,45436
INV-FY2425-10112,2024-11-07,F2,Standard Invoice,Dealer,CUST-785455,"Dealer 785455",FC,Cotton,Astra Bt2,Packets,Own,MAT-10364,"Cotton Astra Bt2 Seed (Packets)",Rabi,Karnataka,North Karnataka,B. Gowda,P. Joshi,H. Kumar,12,836,10032,7474
INV-FY2425-10113,2024-09-16,F2,Standard Invoice,Dealer,CUST-272928,"Dealer 272928",FC,Maize,Kaveri Pro,KG,Own,MAT-64748,"Maize Kaveri Pro Seed (KG)",Kharif,Maharashtra,Vidarbha,S. Patil,T. Singh,A. Deshmukh,90,90,8100,5119
INV-FY2425-10114,2025-01-14,IPT,Stock Transfer (IPT),Dealer,CUST-364569,"Dealer 364569",FC,Mustard,Acsen Kanti,KG,Own,MAT-27985,"Mustard Acsen Kanti Seed (KG)",Rabi,Andhra Pradesh,Rayalaseema,V. Naidu,K. Reddy,G. Rao,108,111,11988,7706
INV-FY2425-10115,2025-03-01,IPT,Stock Transfer (IPT),Dealer,CUST-694566,"Dealer 694566",VG,Okra,No. 10,KG,Own,MAT-23887,"Okra No. 10 Seed (KG)",N/A,Andhra Pradesh,Rayalaseema,V. Naidu,K. Reddy,G. Rao,349,191,66659,43761
INV-FY2425-10116,2024-11-17,F2,Standard Invoice,Dealer,CUST-350453,"Dealer 350453",FC,Mustard,Pusa Bold,KG,Own,MAT-56082,"Mustard Pusa Bold Seed (KG)",Rabi,Andhra Pradesh,Coastal AP,V. Naidu,K. Reddy,G. Rao,32,101,3232,2121
INV-FY2425-10117,2024-09-23,F2,Standard Invoice,Dealer,CUST-719784,"Dealer 719784",FC,Maize,Kaveri Pro,KG,Own,MAT-96841,"Maize Kaveri Pro Seed (KG)",Kharif,Tamil Nadu,South TN,M. Selvam,Ramesh Nair,S. Kavin,71,91,6461,4303
INV-FY2425-10118,2025-01-11,F2,Standard Invoice,Dealer,CUST-986903,"Dealer 986903",FC,Mustard,Acsen Kanti,KG,Own,MAT-40950,"Mustard Acsen Kanti Seed (KG)",Rabi,Gujarat,South Gujarat,V. Patel,P. Joshi,R. Shah,20,113,2260,1431
INV-FY2425-10119,2025-03-16,RE,Returns,Distributor,CUST-796252,"Distributor 796252",VG,Chilli,Green Bullet,Packets,Own,MAT-41267,"Chilli Green Bullet Seed (Packets)",N/A,Andhra Pradesh,Telangana Border,V. Naidu,K. Reddy,G. Rao,641,325,208325,137157
INV-FY2425-10120,2025-03-22,F2,Standard Invoice,Dealer,CUST-777025,"Dealer 777025",VG,Chilli,Green Bullet,Packets,Own,MAT-35555,"Chilli Green Bullet Seed (Packets)",N/A,Andhra Pradesh,Rayalaseema,V. Naidu,K. Reddy,G. Rao,30,289,8670,6114
INV-FY2425-10121,2025-03-29,RE,Returns,Dealer,CUST-750212,"Dealer 750212",FC,Mustard,Acsen Kanti,KG,Own,MAT-21940,"Mustard Acsen Kanti Seed (KG)",Summer,Maharashtra,Marathwada,S. Patil,T. Singh,A. Deshmukh,56,107,5992,3598
INV-FY2425-10122,2024-12-28,F2,Standard Invoice,Distributor,CUST-934501,"Distributor 934501",VG,Tomato,Red Ruby,Packets,Own,MAT-61838,"Tomato Red Ruby Seed (Packets)",N/A,Maharashtra,Marathwada,S. Patil,T. Singh,A. Deshmukh,638,480,306240,206943
INV-FY2425-10123,2025-01-23,RE,Returns,Dealer,CUST-903191,"Dealer 903191",VG,Okra,Acsen Anamika,KG,Trade,MAT-21633,"Okra Acsen Anamika Seed (KG)",N/A,Tamil Nadu,North TN,M. Selvam,Ramesh Nair,S. Kavin,18,197,3546,2419
INV-FY2425-10124,2024-11-25,S1,Cancelled Invoice,Dealer,CUST-352360,"Dealer 352360",VG,Chilli,Acsen Guntur Special,Packets,Own,MAT-85982,"Chilli Acsen Guntur Special Seed (Packets)",N/A,Tamil Nadu,North TN,M. Selvam,Ramesh Nair,S. Kavin,17,315,5355,3288
INV-FY2425-10125,2025-01-03,RE,Returns,Distributor,CUST-357948,"Distributor 357948",VG,Okra,Acsen Anamika,KG,Own,MAT-74506,"Okra Acsen Anamika Seed (KG)",N/A,Andhra Pradesh,Coastal AP,V. Naidu,K. Reddy,G. Rao,678,171,115938,69854
INV-FY2425-10126,2024-12-15,F2,Standard Invoice,Dealer,CUST-584879,"Dealer 584879",VG,Okra,Acsen Anamika,KG,Trade,MAT-39806,"Okra Acsen Anamika Seed (KG)",N/A,Gujarat,Saurashtra,V. Patel,P. Joshi,R. Shah,23,179,4117,2932
INV-FY2425-10127,2024-12-01,F2,Standard Invoice,Distributor,CUST-385058,"Distributor 385058",VG,Chilli,Green Bullet,Packets,Own,MAT-37733,"Chilli Green Bullet Seed (Packets)",N/A,Karnataka,Coastal Karnataka,B. Gowda,P. Joshi,H. Kumar,317,302,95734,59142
INV-FY2425-10128,2024-09-26,F2,Standard Invoice,Distributor,CUST-973285,"Distributor 973285",VG,Tomato,Acsen Hybrid T1,Packets,Trade,MAT-45249,"Tomato Acsen Hybrid T1 Seed (Packets)",N/A,Gujarat,Saurashtra,V. Patel,P. Joshi,R. Shah,325,434,141050,105100
INV-FY2425-10129,2024-10-08,F2,Standard Invoice,Distributor,CUST-412438,"Distributor 412438",VG,Cabbage,Acsen Winner,Packets,Own,MAT-94822,"Cabbage Acsen Winner Seed (Packets)",N/A,Karnataka,Coastal Karnataka,B. Gowda,P. Joshi,H. Kumar,646,296,191216,127136
INV-FY2425-10130,2024-11-05,F2,Standard Invoice,Dealer,CUST-992180,"Dealer 992180",VG,Okra,No. 10,KG,Own,MAT-49852,"Okra No. 10 Seed (KG)",N/A,Maharashtra,Western Maharashtra,S. Patil,T. Singh,A. Deshmukh,21,191,4011,2892
INV-FY2425-10131,2024-12-02,F2,Standard Invoice,Dealer,CUST-883104,"Dealer 883104",FC,Paddy,Super Sona,KG,Own,MAT-69806,"Paddy Super Sona Seed (KG)",Rabi,Andhra Pradesh,Coastal AP,V. Naidu,K. Reddy,G. Rao,94,77,7238,4402
INV-FY2425-10132,2024-10-21,F2,Standard Invoice,Dealer,CUST-625734,"Dealer 625734",FC,Maize,Acsen Star,KG,Own,MAT-97591,"Maize Acsen Star Seed (KG)",Kharif,Maharashtra,Marathwada,S. Patil,T. Singh,A. Deshmukh,70,97,6790,4564
INV-FY2425-10133,2024-11-07,F2,Standard Invoice,Distributor,CUST-352187,"Distributor 352187",VG,Tomato,Acsen Hybrid T1,Packets,Own,MAT-30885,"Tomato Acsen Hybrid T1 Seed (Packets)",N/A,Gujarat,South Gujarat,V. Patel,P. Joshi,R. Shah,863,461,397843,268363
INV-FY2425-10134,2025-02-19,F2,Standard Invoice,Dealer,CUST-442427,"Dealer 442427",VG,Okra,No. 10,KG,Own,MAT-95384,"Okra No. 10 Seed (KG)",N/A,Tamil Nadu,East TN,M. Selvam,Ramesh Nair,S. Kavin,109,181,19729,14353
INV-FY2425-10135,2025-01-05,F2,Standard Invoice,Distributor,CUST-507874,"Distributor 507874",VG,Cabbage,Green Dome,Packets,Own,MAT-61904,"Cabbage Green Dome Seed (Packets)",N/A,Tamil Nadu,West TN,M. Selvam,Ramesh Nair,S. Kavin,413,298,123074,79677
INV-FY2425-10136,2024-09-27,S1,Cancelled Invoice,Dealer,CUST-210919,"Dealer 210919",FC,Maize,Acsen Star,KG,Own,MAT-96756,"Maize Acsen Star Seed (KG)",Kharif,Maharashtra,Vidarbha,S. Patil,T. Singh,A. Deshmukh,94,99,9306,6667
INV-FY2425-10137,2024-09-02,F2,Standard Invoice,Distributor,CUST-576808,"Distributor 576808",FC,Paddy,Samba Deluxe,KG,Own,MAT-44462,"Paddy Samba Deluxe Seed (KG)",Kharif,Andhra Pradesh,Telangana Border,V. Naidu,K. Reddy,G. Rao,204,72,14688,10402
INV-FY2425-10138,2024-09-05,F2,Standard Invoice,Distributor,CUST-222765,"Distributor 222765",VG,Tomato,Acsen Hybrid T1,Packets,Trade,MAT-40169,"Tomato Acsen Hybrid T1 Seed (Packets)",N/A,Maharashtra,Marathwada,S. Patil,T. Singh,A. Deshmukh,548,429,235092,146227
INV-FY2425-10139,2025-03-02,F2,Standard Invoice,Distributor,CUST-367835,"Distributor 367835",VG,Chilli,Teja Hot,Packets,Own,MAT-57310,"Chilli Teja Hot Seed (Packets)",N/A,Maharashtra,Western Maharashtra,S. Patil,T. Singh,A. Deshmukh,899,302,271498,192741
INV-FY2425-10140,2025-02-03,RE,Returns,Dealer,CUST-253123,"Dealer 253123",VG,Okra,No. 10,KG,Own,MAT-13197,"Okra No. 10 Seed (KG)",N/A,Gujarat,South Gujarat,V. Patel,P. Joshi,R. Shah,47,178,8366,6198
INV-FY2425-10141,2024-09-11,F2,Standard Invoice,Dealer,CUST-231110,"Dealer 231110",VG,Cabbage,Acsen Winner,Packets,Own,MAT-15922,"Cabbage Acsen Winner Seed (Packets)",N/A,Andhra Pradesh,Coastal AP,V. Naidu,K. Reddy,G. Rao,49,283,13867,9247
INV-FY2425-10142,2024-11-16,RE,Returns,Dealer,CUST-370803,"Dealer 370803",FC,Maize,Super Gold 99,KG,Own,MAT-21887,"Maize Super Gold 99 Seed (KG)",Rabi,Tamil Nadu,West TN,M. Selvam,Ramesh Nair,S. Kavin,53,83,4399,3112
INV-FY2425-10143,2025-03-19,F2,Standard Invoice,Distributor,CUST-754721,"Distributor 754721",VG,Cabbage,Acsen Winner,Packets,Own,MAT-16706,"Cabbage Acsen Winner Seed (Packets)",N/A,Tamil Nadu,East TN,M. Selvam,Ramesh Nair,S. Kavin,903,254,229362,171332
INV-FY2425-10144,2025-01-10,F2,Standard Invoice,Dealer,CUST-499678,"Dealer 499678",VG,Cabbage,Acsen Winner,Packets,Own,MAT-48809,"Cabbage Acsen Winner Seed (Packets)",N/A,Gujarat,South Gujarat,V. Patel,P. Joshi,R. Shah,36,273,9828,7079
INV-FY2425-10145,2024-10-31,F2,Standard Invoice,Distributor,CUST-144028,"Distributor 144028",FC,Cotton,Acsen White Gold,Packets,Trade,MAT-72685,"Cotton Acsen White Gold Seed (Packets)",Kharif,Karnataka,Coastal Karnataka,B. Gowda,P. Joshi,H. Kumar,360,830,298800,182796
INV-FY2425-10146,2024-11-21,F2,Standard Invoice,Dealer,CUST-235190,"Dealer 235190",VG,Okra,No. 10,KG,Own,MAT-36975,"Okra No. 10 Seed (KG)",N/A,Gujarat,South Gujarat,V. Patel,P. Joshi,R. Shah,19,180,3420,2066
INV-FY2425-10147,2024-10-16,F2,Standard Invoice,Dealer,CUST-217427,"Dealer 217427",VG,Chilli,Green Bullet,Packets,Trade,MAT-56045,"Chilli Green Bullet Seed (Packets)",N/A,Karnataka,South Karnataka,B. Gowda,P. Joshi,H. Kumar,15,289,4335,2798
INV-FY2425-10148,2024-10-17,F2,Standard Invoice,Dealer,CUST-471349,"Dealer 471349",FC,Paddy,Samba Deluxe,KG,Trade,MAT-76378,"Paddy Samba Deluxe Seed (KG)",Kharif,Andhra Pradesh,Telangana Border,V. Naidu,K. Reddy,G. Rao,71,76,5396,3312
INV-FY2425-10149,2024-10-16,F2,Standard Invoice,Dealer,CUST-371326,"Dealer 371326",VG,Chilli,Green Bullet,Packets,Own,MAT-76467,"Chilli Green Bullet Seed (Packets)",N/A,Tamil Nadu,South TN,M. Selvam,Ramesh Nair,S. Kavin,104,337,35048,26180
INV-FY2425-10150,2024-10-27,F2,Standard Invoice,Dealer,CUST-669219,"Dealer 669219",VG,Okra,Siri Green,KG,Own,MAT-35117,"Okra Siri Green Seed (KG)",N/A,Gujarat,North Gujarat,V. Patel,P. Joshi,R. Shah,99,180,17820,12115
INV-FY2425-10151,2024-12-25,S1,Cancelled Invoice,Distributor,CUST-784507,"Distributor 784507",VG,Okra,Acsen Anamika,KG,Own,MAT-36415,"Okra Acsen Anamika Seed (KG)",N/A,Andhra Pradesh,Coastal AP,V. Naidu,K. Reddy,G. Rao,480,178,85440,56465
INV-FY2425-10152,2024-09-21,F2,Standard Invoice,Dealer,CUST-326312,"Dealer 326312",VG,Tomato,Acsen Hybrid T1,Packets,Own,MAT-37662,"Tomato Acsen Hybrid T1 Seed (Packets)",N/A,Tamil Nadu,East TN,M. Selvam,Ramesh Nair,S. Kavin,101,484,48884,34392
INV-FY2425-10153,2025-01-27,F2,Standard Invoice,Dealer,CUST-283576,"Dealer 283576",VG,Tomato,Acsen Hybrid T1,Packets,Own,MAT-62901,"Tomato Acsen Hybrid T1 Seed (Packets)",N/A,Maharashtra,Vidarbha,S. Patil,T. Singh,A. Deshmukh,101,470,47470,28568
INV-FY2425-10154,2025-01-31,S1,Cancelled Invoice,Dealer,CUST-786881,"Dealer 786881",FC,Maize,Super Gold 99,KG,Trade,MAT-47846,"Maize Super Gold 99 Seed (KG)",Rabi,Andhra Pradesh,Coastal AP,V. Naidu,K. Reddy,G. Rao,66,88,5808,4162
INV-FY2425-10155,2025-03-06,IPT,Stock Transfer (IPT),Distributor,CUST-609098,"Distributor 609098",FC,Mustard,Pusa Bold,KG,Own,MAT-54318,"Mustard Pusa Bold Seed (KG)",Summer,Andhra Pradesh,Coastal AP,V. Naidu,K. Reddy,G. Rao,1086,112,121632,86230
INV-FY2425-10156,2024-11-08,IPT,Stock Transfer (IPT),Dealer,CUST-153429,"Dealer 153429",FC,Maize,Acsen Star,KG,Own,MAT-79875,"Maize Acsen Star Seed (KG)",Rabi,Maharashtra,Marathwada,S. Patil,T. Singh,A. Deshmukh,720,89,64080,40448
INV-FY2425-10157,2025-01-30,RE,Returns,Dealer,CUST-292297,"Dealer 292297",VG,Cabbage,Green Dome,Packets,Trade,MAT-43920,"Cabbage Green Dome Seed (Packets)",N/A,Gujarat,North Gujarat,V. Patel,P. Joshi,R. Shah,17,278,4726,2882
INV-FY2425-10158,2025-01-31,F2,Standard Invoice,Dealer,CUST-709429,"Dealer 709429",VG,Okra,Acsen Anamika,KG,Own,MAT-16535,"Okra Acsen Anamika Seed (KG)",N/A,Andhra Pradesh,Coastal AP,V. Naidu,K. Reddy,G. Rao,91,171,15561,10466
INV-FY2425-10159,2024-10-31,F2,Standard Invoice,Distributor,CUST-746970,"Distributor 746970",FC,Mustard,Pusa Bold,KG,Own,MAT-77301,"Mustard Pusa Bold Seed (KG)",Kharif,Tamil Nadu,North TN,M. Selvam,Ramesh Nair,S. Kavin,455,111,50505,33070
INV-FY2425-10160,2024-11-06,F2,Standard Invoice,Dealer,CUST-683574,"Dealer 683574",VG,Okra,No. 10,KG,Own,MAT-19075,"Okra No. 10 Seed (KG)",N/A,Gujarat,South Gujarat,V. Patel,P. Joshi,R. Shah,53,196,10388,7000
INV-FY2425-10161,2025-01-05,F2,Standard Invoice,Distributor,CUST-741644,"Distributor 741644",FC,Cotton,Kalyan,Packets,Own,MAT-15454,"Cotton Kalyan Seed (Packets)",Rabi,Maharashtra,Western Maharashtra,S. Patil,T. Singh,A. Deshmukh,827,904,747608,545178
INV-FY2425-10162,2025-02-09,F2,Standard Invoice,Dealer,CUST-846007,"Dealer 846007",FC,Paddy,Acsen Ponni,KG,Own,MAT-38986,"Paddy Acsen Ponni Seed (KG)",Rabi,Andhra Pradesh,Coastal AP,V. Naidu,K. Reddy,G. Rao,81,72,5832,3992
INV-FY2425-10163,2024-09-21,F2,Standard Invoice,Dealer,CUST-202184,"Dealer 202184",VG,Tomato,Acsen Hybrid T1,Packets,Own,MAT-86341,"Tomato Acsen Hybrid T1 Seed (Packets)",N/A,Andhra Pradesh,Telangana Border,V. Naidu,K. Reddy,G. Rao,60,480,28800,20953
INV-FY2425-10164,2024-10-07,RE,Returns,Dealer,CUST-797072,"Dealer 797072",VG,Tomato,Acsen Hybrid T1,Packets,Own,MAT-44214,"Tomato Acsen Hybrid T1 Seed (Packets)",N/A,Maharashtra,Marathwada,S. Patil,T. Singh,A. Deshmukh,82,464,38048,22934
INV-FY2425-10165,2025-02-05,F2,Standard Invoice,Distributor,CUST-778087,"Distributor 778087",FC,Paddy,Acsen Ponni,KG,Own,MAT-17348,"Paddy Acsen Ponni Seed (KG)",Rabi,Gujarat,North Gujarat,V. Patel,P. Joshi,R. Shah,309,68,21012,12779
INV-FY2425-10166,2024-12-24,F2,Standard Invoice,Dealer,CUST-329152,"Dealer 329152",VG,Cabbage,Acsen Winner,Packets,Trade,MAT-86723,"Cabbage Acsen Winner Seed (Packets)",N/A,Maharashtra,Marathwada,S. Patil,T. Singh,A. Deshmukh,80,300,24000,16941
INV-FY2425-10167,2024-11-25,F2,Standard Invoice,Dealer,CUST-974704,"Dealer 974704",VG,Cabbage,Green Dome,Packets,Trade,MAT-52931,"Cabbage Green Dome Seed (Packets)",N/A,Andhra Pradesh,Rayalaseema,V. Naidu,K. Reddy,G. Rao,55,308,16940,11624
INV-FY2425-10168,2025-01-31,IPT,Stock Transfer (IPT),Dealer,CUST-364000,"Dealer 364000",FC,Paddy,Samba Deluxe,KG,Own,MAT-86708,"Paddy Samba Deluxe Seed (KG)",Rabi,Karnataka,Coastal Karnataka,B. Gowda,P. Joshi,H. Kumar,157,81,12717,8937
INV-FY2425-10169,2024-09-02,F2,Standard Invoice,Dealer,CUST-518964,"Dealer 518964",VG,Okra,No. 10,KG,Own,MAT-47471,"Okra No. 10 Seed (KG)",N/A,Andhra Pradesh,Rayalaseema,V. Naidu,K. Reddy,G. Rao,48,184,8832,6458
INV-FY2425-10170,2025-03-20,RE,Returns,Dealer,CUST-511055,"Dealer 511055",FC,Cotton,Kalyan,Packets,Own,MAT-75118,"Cotton Kalyan Seed (Packets)",Summer,Karnataka,South Karnataka,B. Gowda,P. Joshi,H. Kumar,30,909,27270,18951
INV-FY2425-10171,2024-09-12,S1,Cancelled Invoice,Distributor,CUST-680505,"Distributor 680505",VG,Cabbage,Acsen Winner,Packets,Trade,MAT-74055,"Cabbage Acsen Winner Seed (Packets)",N/A,Gujarat,South Gujarat,V. Patel,P. Joshi,R. Shah,870,273,237510,151617
INV-FY2425-10172,2024-11-16,F2,Standard Invoice,Dealer,CUST-585847,"Dealer 585847",FC,Maize,Acsen Star,KG,Own,MAT-74816,"Maize Acsen Star Seed (KG)",Rabi,Andhra Pradesh,Coastal AP,V. Naidu,K. Reddy,G. Rao,104,97,10088,7213
INV-FY2425-10173,2025-02-18,F2,Standard Invoice,Dealer,CUST-388837,"Dealer 388837",FC,Mustard,Pusa Bold,KG,Own,MAT-96515,"Mustard Pusa Bold Seed (KG)",Rabi,Karnataka,Coastal Karnataka,B. Gowda,P. Joshi,H. Kumar,106,115,12190,8192
INV-FY2425-10174,2024-12-05,F2,Standard Invoice,Dealer,CUST-159069,"Dealer 159069",VG,Chilli,Acsen Guntur Special,Packets,Trade,MAT-63167,"Chilli Acsen Guntur Special Seed (Packets)",N/A,Andhra Pradesh,Telangana Border,V. Naidu,K. Reddy,G. Rao,92,342,31464,21605
INV-FY2425-10175,2024-12-29,F2,Standard Invoice,Dealer,CUST-574417,"Dealer 574417",VG,Chilli,Green Bullet,Packets,Trade,MAT-66164,"Chilli Green Bullet Seed (Packets)",N/A,Karnataka,South Karnataka,B. Gowda,P. Joshi,H. Kumar,25,292,7300,4433
INV-FY2425-10176,2024-09-19,F2,Standard Invoice,Dealer,CUST-640173,"Dealer 640173",FC,Maize,Super Gold 99,KG,Own,MAT-37335,"Maize Super Gold 99 Seed (KG)",Kharif,Karnataka,North Karnataka,B. Gowda,P. Joshi,H. Kumar,104,96,9984,6761
INV-FY2425-10177,2024-11-14,F2,Standard Invoice,Distributor,CUST-589753,"Distributor 589753",VG,Okra,Acsen Anamika,KG,Trade,MAT-72276,"Okra Acsen Anamika Seed (KG)",N/A,Maharashtra,Marathwada,S. Patil,T. Singh,A. Deshmukh,599,162,97038,70617
INV-FY2425-10178,2024-11-11,F2,Standard Invoice,Dealer,CUST-512066,"Dealer 512066",VG,Chilli,Green Bullet,Packets,Own,MAT-71783,"Chilli Green Bullet Seed (Packets)",N/A,Maharashtra,Marathwada,S. Patil,T. Singh,A. Deshmukh,51,351,17901,12344
INV-FY2425-10179,2024-12-11,F2,Standard Invoice,Distributor,CUST-276912,"Distributor 276912",VG,Tomato,Red Ruby,Packets,Own,MAT-13127,"Tomato Red Ruby Seed (Packets)",N/A,Gujarat,North Gujarat,V. Patel,P. Joshi,R. Shah,468,494,231192,160379
INV-FY2425-10180,2024-11-21,F2,Standard Invoice,Dealer,CUST-669246,"Dealer 669246",VG,Cabbage,Green Dome,Packets,Trade,MAT-56122,"Cabbage Green Dome Seed (Packets)",N/A,Gujarat,South Gujarat,V. Patel,P. Joshi,R. Shah,89,265,23585,16828
INV-FY2425-10181,2024-12-06,F2,Standard Invoice,Dealer,CUST-643799,"Dealer 643799",FC,Mustard,Acsen Kanti,KG,Own,MAT-36444,"Mustard Acsen Kanti Seed (KG)",Rabi,Karnataka,South Karnataka,B. Gowda,P. Joshi,H. Kumar,69,120,8280,5930
INV-FY2425-10182,2024-11-15,F2,Standard Invoice,Dealer,CUST-583782,"Dealer 583782",FC,Mustard,Pusa Bold,KG,Own,MAT-16138,"Mustard Pusa Bold Seed (KG)",Rabi,Gujarat,North Gujarat,V. Patel,P. Joshi,R. Shah,40,112,4480,3085
INV-FY2425-10183,2025-01-20,F2,Standard Invoice,Dealer,CUST-412823,"Dealer 412823",FC,Mustard,Pusa Bold,KG,Own,MAT-12646,"Mustard Pusa Bold Seed (KG)",Rabi,Gujarat,North Gujarat,V. Patel,P. Joshi,R. Shah,29,117,3393,2101
INV-FY2425-10184,2024-12-25,F2,Standard Invoice,Dealer,CUST-706319,"Dealer 706319",FC,Paddy,Acsen Ponni,KG,Own,MAT-61461,"Paddy Acsen Ponni Seed (KG)",Rabi,Karnataka,South Karnataka,B. Gowda,P. Joshi,H. Kumar,79,70,5530,3821
INV-FY2425-10185,2025-01-18,F2,Standard Invoice,Dealer,CUST-856355,"Dealer 856355",FC,Cotton,Acsen White Gold,Packets,Trade,MAT-95394,"Cotton Acsen White Gold Seed (Packets)",Rabi,Tamil Nadu,East TN,M. Selvam,Ramesh Nair,S. Kavin,101,831,83931,61028
INV-FY2425-10186,2024-11-02,S1,Cancelled Invoice,Distributor,CUST-223757,"Distributor 223757",VG,Chilli,Teja Hot,Packets,Trade,MAT-92545,"Chilli Teja Hot Seed (Packets)",N/A,Tamil Nadu,North TN,M. Selvam,Ramesh Nair,S. Kavin,740,310,229400,155803
INV-FY2425-10187,2024-09-17,F2,Standard Invoice,Dealer,CUST-833631,"Dealer 833631",VG,Cabbage,Acsen Winner,Packets,Own,MAT-68297,"Cabbage Acsen Winner Seed (Packets)",N/A,Karnataka,North Karnataka,B. Gowda,P. Joshi,H. Kumar,94,299,28106,20657
INV-FY2425-10188,2025-03-15,F2,Standard Invoice,Dealer,CUST-807252,"Dealer 807252",VG,Chilli,Acsen Guntur Special,Packets,Own,MAT-64337,"Chilli Acsen Guntur Special Seed (Packets)",N/A,Karnataka,Coastal Karnataka,B. Gowda,P. Joshi,H. Kumar,37,338,12506,7673
INV-FY2425-10189,2024-10-01,RE,Returns,Dealer,CUST-706116,"Dealer 706116",FC,Cotton,Acsen White Gold,Packets,Own,MAT-83019,"Cotton Acsen White Gold Seed (Packets)",Kharif,Karnataka,South Karnataka,B. Gowda,P. Joshi,H. Kumar,108,903,97524,69451
INV-FY2425-10190,2025-01-17,F2,Standard Invoice,Distributor,CUST-385178,"Distributor 385178",FC,Cotton,Astra Bt2,Packets,Own,MAT-67322,"Cotton Astra Bt2 Seed (Packets)",Rabi,Gujarat,North Gujarat,V. Patel,P. Joshi,R. Shah,670,927,621090,464316
INV-FY2425-10191,2025-02-27,F2,Standard Invoice,Distributor,CUST-935155,"Distributor 935155",VG,Tomato,Acsen Hybrid T1,Packets,Own,MAT-77868,"Tomato Acsen Hybrid T1 Seed (Packets)",N/A,Gujarat,North Gujarat,V. Patel,P. Joshi,R. Shah,702,446,313092,214133
INV-FY2425-10192,2025-02-06,F2,Standard Invoice,Distributor,CUST-456753,"Distributor 456753",VG,Okra,No. 10,KG,Own,MAT-92036,"Okra No. 10 Seed (KG)",N/A,Maharashtra,Vidarbha,S. Patil,T. Singh,A. Deshmukh,1076,194,208744,150315
INV-FY2425-10193,2025-01-09,F2,Standard Invoice,Dealer,CUST-434216,"Dealer 434216",FC,Maize,Super Gold 99,KG,Trade,MAT-16463,"Maize Super Gold 99 Seed (KG)",Rabi,Gujarat,North Gujarat,V. Patel,P. Joshi,R. Shah,87,83,7221,4400
INV-FY2425-10194,2024-10-18,F2,Standard Invoice,Distributor,CUST-987106,"Distributor 987106",FC,Paddy,Acsen Ponni,KG,Own,MAT-15098,"Paddy Acsen Ponni Seed (KG)",Kharif,Maharashtra,Vidarbha,S. Patil,T. Singh,A. Deshmukh,362,77,27874,17994
INV-FY2425-10195,2025-02-06,F2,Standard Invoice,Dealer,CUST-950607,"Dealer 950607",FC,Cotton,Kalyan,Packets,Trade,MAT-29036,"Cotton Kalyan Seed (Packets)",Rabi,Karnataka,Coastal Karnataka,B. Gowda,P. Joshi,H. Kumar,49,851,41699,25635
INV-FY2425-10196,2024-10-27,F2,Standard Invoice,Distributor,CUST-610778,"Distributor 610778",VG,Chilli,Acsen Guntur Special,Packets,Own,MAT-30406,"Chilli Acsen Guntur Special Seed (Packets)",N/A,Andhra Pradesh,Telangana Border,V. Naidu,K. Reddy,G. Rao,499,334,166666,103439
INV-FY2425-10197,2025-02-02,F2,Standard Invoice,Dealer,CUST-450043,"Dealer 450043",VG,Chilli,Teja Hot,Packets,Own,MAT-71757,"Chilli Teja Hot Seed (Packets)",N/A,Tamil Nadu,North TN,M. Selvam,Ramesh Nair,S. Kavin,11,342,3762,2658
INV-FY2425-10198,2024-09-18,F2,Standard Invoice,Dealer,CUST-735676,"Dealer 735676",VG,Okra,No. 10,KG,Own,MAT-79346,"Okra No. 10 Seed (KG)",N/A,Gujarat,Saurashtra,V. Patel,P. Joshi,R. Shah,104,165,17160,11091
INV-FY2425-10199,2024-10-20,F2,Standard Invoice,Dealer,CUST-259093,"Dealer 259093",FC,Cotton,Astra Bt2,Packets,Own,MAT-54684,"Cotton Astra Bt2 Seed (Packets)",Kharif,Gujarat,North Gujarat,V. Patel,P. Joshi,R. Shah,39,899,35061,23940
INV-FY2425-10200,2024-11-10,S1,Cancelled Invoice,Dealer,CUST-366997,"Dealer 366997",VG,Chilli,Acsen Guntur Special,Packets,Own,MAT-14095,"Chilli Acsen Guntur Special Seed (Packets)",N/A,Tamil Nadu,West TN,M. Selvam,Ramesh Nair,S. Kavin,50,333,16650,11931
INV-FY2425-10201,2024-09-07,RE,Returns,Distributor,CUST-832596,"Distributor 832596",VG,Tomato,Acsen Hybrid T1,Packets,Own,MAT-19828,"Tomato Acsen Hybrid T1 Seed (Packets)",N/A,Tamil Nadu,East TN,M. Selvam,Ramesh Nair,S. Kavin,1076,491,528316,363228
INV-FY2425-10202,2025-02-10,S1,Cancelled Invoice,Dealer,CUST-584315,"Dealer 584315",FC,Cotton,Acsen White Gold,Packets,Own,MAT-10820,"Cotton Acsen White Gold Seed (Packets)",Rabi,Maharashtra,Marathwada,S. Patil,T. Singh,A. Deshmukh,105,800,84000,51409
INV-FY2425-10203,2024-11-12,IPT,Stock Transfer (IPT),Dealer,CUST-947725,"Dealer 947725",FC,Cotton,Kalyan,Packets,Own,MAT-45056,"Cotton Kalyan Seed (Packets)",Rabi,Andhra Pradesh,Coastal AP,V. Naidu,K. Reddy,G. Rao,720,810,583200,350955
INV-FY2425-10204,2024-09-03,F2,Standard Invoice,Distributor,CUST-445621,"Distributor 445621",VG,Tomato,Gold Crest,Packets,Own,MAT-35115,"Tomato Gold Crest Seed (Packets)",N/A,Karnataka,North Karnataka,B. Gowda,P. Joshi,H. Kumar,188,439,82532,54298
INV-FY2425-10205,2024-10-14,F2,Standard Invoice,Dealer,CUST-383056,"Dealer 383056",VG,Tomato,Acsen Hybrid T1,Packets,Own,MAT-35832,"Tomato Acsen Hybrid T1 Seed (Packets)",N/A,Andhra Pradesh,Rayalaseema,V. Naidu,K. Reddy,G. Rao,20,480,9600,5959
INV-FY2425-10206,2024-10-06,F2,Standard Invoice,Distributor,CUST-801500,"Distributor 801500",FC,Mustard,Acsen Kanti,KG,Trade,MAT-87192,"Mustard Acsen Kanti Seed (KG)",Kharif,Tamil Nadu,North TN,M. Selvam,Ramesh Nair,S. Kavin,499,118,58882,39241
INV-FY2425-10207,2024-09-24,RE,Returns,Distributor,CUST-332302,"Distributor 332302",FC,Cotton,Acsen White Gold,Packets,Own,MAT-56659,"Cotton Acsen White Gold Seed (Packets)",Kharif,Maharashtra,Vidarbha,S. Patil,T. Singh,A. Deshmukh,1029,847,871563,533387
INV-FY2425-10208,2025-02-21,IPT,Stock Transfer (IPT),Distributor,CUST-257040,"Distributor 257040",FC,Cotton,Acsen White Gold,Packets,Own,MAT-80229,"Cotton Acsen White Gold Seed (Packets)",Rabi,Maharashtra,Western Maharashtra,S. Patil,T. Singh,A. Deshmukh,299,765,228735,149486
INV-FY2425-10209,2025-03-20,RE,Returns,Dealer,CUST-549613,"Dealer 549613",VG,Okra,Siri Green,KG,Own,MAT-92263,"Okra Siri Green Seed (KG)",N/A,Andhra Pradesh,Coastal AP,V. Naidu,K. Reddy,G. Rao,85,162,13770,10081
INV-FY2425-10210,2024-12-23,F2,Standard Invoice,Dealer,CUST-875627,"Dealer 875627",VG,Okra,Siri Green,KG,Own,MAT-15252,"Okra Siri Green Seed (KG)",N/A,Karnataka,Coastal Karnataka,B. Gowda,P. Joshi,H. Kumar,21,185,3885,2427
INV-FY2425-10211,2025-03-29,F2,Standard Invoice,Dealer,CUST-979173,"Dealer 979173",VG,Chilli,Teja Hot,Packets,Own,MAT-35962,"Chilli Teja Hot Seed (Packets)",N/A,Maharashtra,Western Maharashtra,S. Patil,T. Singh,A. Deshmukh,30,317,9510,6344
INV-FY2425-10212,2025-01-03,F2,Standard Invoice,Distributor,CUST-897729,"Distributor 897729",VG,Chilli,Green Bullet,Packets,Own,MAT-47808,"Chilli Green Bullet Seed (Packets)",N/A,Andhra Pradesh,Telangana Border,V. Naidu,K. Reddy,G. Rao,1023,315,322245,209661
INV-FY2425-10213,2024-11-12,F2,Standard Invoice,Dealer,CUST-695353,"Dealer 695353",FC,Paddy,Acsen Ponni,KG,Own,MAT-10313,"Paddy Acsen Ponni Seed (KG)",Rabi,Karnataka,Coastal Karnataka,B. Gowda,P. Joshi,H. Kumar,57,78,4446,2761
INV-FY2425-10214,2025-02-26,F2,Standard Invoice,Dealer,CUST-633962,"Dealer 633962",VG,Cabbage,Green Dome,Packets,Own,MAT-15713,"Cabbage Green Dome Seed (Packets)",N/A,Gujarat,Saurashtra,V. Patel,P. Joshi,R. Shah,34,269,9146,6549
INV-FY2425-10215,2025-02-25,F2,Standard Invoice,Dealer,CUST-701552,"Dealer 701552",VG,Okra,Siri Green,KG,Own,MAT-48025,"Okra Siri Green Seed (KG)",N/A,Gujarat,Saurashtra,V. Patel,P. Joshi,R. Shah,11,178,1958,1415
INV-FY2425-10216,2025-03-24,F2,Standard Invoice,Dealer,CUST-282191,"Dealer 282191",VG,Okra,Acsen Anamika,KG,Own,MAT-35886,"Okra Acsen Anamika Seed (KG)",N/A,Karnataka,North Karnataka,B. Gowda,P. Joshi,H. Kumar,53,189,10017,7026
INV-FY2425-10217,2024-11-17,RE,Returns,Dealer,CUST-635879,"Dealer 635879",VG,Okra,Acsen Anamika,KG,Own,MAT-62995,"Okra Acsen Anamika Seed (KG)",N/A,Gujarat,Saurashtra,V. Patel,P. Joshi,R. Shah,11,164,1804,1263
INV-FY2425-10218,2025-01-03,F2,Standard Invoice,Dealer,CUST-720319,"Dealer 720319",VG,Cabbage,Green Dome,Packets,Own,MAT-65318,"Cabbage Green Dome Seed (Packets)",N/A,Tamil Nadu,North TN,M. Selvam,Ramesh Nair,S. Kavin,53,266,14098,10100
INV-FY2425-10219,2025-01-01,F2,Standard Invoice,Dealer,CUST-364846,"Dealer 364846",FC,Mustard,Pusa Bold,KG,Own,MAT-91703,"Mustard Pusa Bold Seed (KG)",Rabi,Gujarat,North Gujarat,V. Patel,P. Joshi,R. Shah,25,100,2500,1733
INV-FY2425-10220,2025-01-19,F2,Standard Invoice,Dealer,CUST-872667,"Dealer 872667",VG,Chilli,Teja Hot,Packets,Own,MAT-81371,"Chilli Teja Hot Seed (Packets)",N/A,Andhra Pradesh,Telangana Border,V. Naidu,K. Reddy,G. Rao,89,317,28213,16991
INV-FY2425-10221,2024-09-08,IPT,Stock Transfer (IPT),Dealer,CUST-632770,"Dealer 632770",FC,Cotton,Kalyan,Packets,Own,MAT-75693,"Cotton Kalyan Seed (Packets)",Kharif,Gujarat,South Gujarat,V. Patel,P. Joshi,R. Shah,817,918,750006,486592
INV-FY2425-10222,2024-09-05,S1,Cancelled Invoice,Dealer,CUST-403963,"Dealer 403963",VG,Cabbage,Acsen Winner,Packets,Own,MAT-91500,"Cabbage Acsen Winner Seed (Packets)",N/A,Andhra Pradesh,Rayalaseema,V. Naidu,K. Reddy,G. Rao,77,292,22484,16238
INV-FY2425-10223,2024-09-25,F2,Standard Invoice,Dealer,CUST-804376,"Dealer 804376",FC,Cotton,Acsen White Gold,Packets,Own,MAT-65556,"Cotton Acsen White Gold Seed (Packets)",Kharif,Tamil Nadu,South TN,M. Selvam,Ramesh Nair,S. Kavin,61,869,53009,34844
INV-FY2425-10224,2025-03-01,RE,Returns,Distributor,CUST-898716,"Distributor 898716",FC,Paddy,Super Sona,KG,Own,MAT-14112,"Paddy Super Sona Seed (KG)",Summer,Gujarat,South Gujarat,V. Patel,P. Joshi,R. Shah,677,81,54837,33599
INV-FY2425-10225,2024-11-01,F2,Standard Invoice,Distributor,CUST-219841,"Distributor 219841",VG,Chilli,Green Bullet,Packets,Own,MAT-32897,"Chilli Green Bullet Seed (Packets)",N/A,Maharashtra,Marathwada,S. Patil,T. Singh,A. Deshmukh,318,300,95400,60527
INV-FY2425-10226,2025-03-13,F2,Standard Invoice,Distributor,CUST-394807,"Distributor 394807",FC,Maize,Kaveri Pro,KG,Trade,MAT-80899,"Maize Kaveri Pro Seed (KG)",Summer,Tamil Nadu,South TN,M. Selvam,Ramesh Nair,S. Kavin,105,83,8715,6117
INV-FY2425-10227,2025-02-02,RE,Returns,Dealer,CUST-223759,"Dealer 223759",VG,Chilli,Green Bullet,Packets,Own,MAT-59167,"Chilli Green Bullet Seed (Packets)",N/A,Karnataka,North Karnataka,B. Gowda,P. Joshi,H. Kumar,39,318,12402,9023
INV-FY2425-10228,2024-12-29,F2,Standard Invoice,Dealer,CUST-574962,"Dealer 574962",VG,Tomato,Acsen Hybrid T1,Packets,Own,MAT-54698,"Tomato Acsen Hybrid T1 Seed (Packets)",N/A,Tamil Nadu,South TN,M. Selvam,Ramesh Nair,S. Kavin,58,476,27608,17301
INV-FY2425-10229,2024-10-10,F2,Standard Invoice,Dealer,CUST-630874,"Dealer 630874",FC,Paddy,Samba Deluxe,KG,Trade,MAT-16709,"Paddy Samba Deluxe Seed (KG)",Kharif,Tamil Nadu,South TN,M. Selvam,Ramesh Nair,S. Kavin,97,68,6596,4044
INV-FY2425-10230,2025-01-23,F2,Standard Invoice,Dealer,CUST-548058,"Dealer 548058",VG,Okra,Siri Green,KG,Own,MAT-70710,"Okra Siri Green Seed (KG)",N/A,Karnataka,North Karnataka,B. Gowda,P. Joshi,H. Kumar,53,170,9010,5883
INV-FY2425-10231,2024-11-26,F2,Standard Invoice,Dealer,CUST-401199,"Dealer 401199",FC,Mustard,Pusa Bold,KG,Own,MAT-32120,"Mustard Pusa Bold Seed (KG)",Rabi,Maharashtra,Vidarbha,S. Patil,T. Singh,A. Deshmukh,61,112,6832,4291
INV-FY2425-10232,2024-12-27,F2,Standard Invoice,Dealer,CUST-370515,"Dealer 370515",FC,Maize,Acsen Star,KG,Own,MAT-18280,"Maize Acsen Star Seed (KG)",Rabi,Andhra Pradesh,Rayalaseema,V. Naidu,K. Reddy,G. Rao,74,93,6882,4149
INV-FY2425-10233,2024-10-27,F2,Standard Invoice,Dealer,CUST-654326,"Dealer 654326",FC,Maize,Acsen Star,KG,Own,MAT-41184,"Maize Acsen Star Seed (KG)",Kharif,Andhra Pradesh,Rayalaseema,V. Naidu,K. Reddy,G. Rao,88,88,7744,4938
INV-FY2425-10234,2024-10-29,RE,Returns,Distributor,CUST-345419,"Distributor 345419",VG,Okra,No. 10,KG,Trade,MAT-61645,"Okra No. 10 Seed (KG)",N/A,Gujarat,Saurashtra,V. Patel,P. Joshi,R. Shah,776,183,142008,105397
INV-FY2425-10235,2024-10-17,F2,Standard Invoice,Dealer,CUST-481859,"Dealer 481859",FC,Maize,Super Gold 99,KG,Own,MAT-19217,"Maize Super Gold 99 Seed (KG)",Kharif,Andhra Pradesh,Coastal AP,V. Naidu,K. Reddy,G. Rao,36,88,3168,2150
INV-FY2425-10236,2025-01-27,IPT,Stock Transfer (IPT),Dealer,CUST-177356,"Dealer 177356",VG,Okra,Acsen Anamika,KG,Own,MAT-31382,"Okra Acsen Anamika Seed (KG)",N/A,Andhra Pradesh,Rayalaseema,V. Naidu,K. Reddy,G. Rao,731,172,125732,91994
INV-FY2425-10237,2024-09-29,F2,Standard Invoice,Dealer,CUST-372499,"Dealer 372499",VG,Chilli,Green Bullet,Packets,Own,MAT-59597,"Chilli Green Bullet Seed (Packets)",N/A,Tamil Nadu,South TN,M. Selvam,Ramesh Nair,S. Kavin,100,289,28900,19221
INV-FY2425-10238,2024-09-25,F2,Standard Invoice,Distributor,CUST-823832,"Distributor 823832",FC,Mustard,Acsen Kanti,KG,Own,MAT-97070,"Mustard Acsen Kanti Seed (KG)",Kharif,Tamil Nadu,East TN,M. Selvam,Ramesh Nair,S. Kavin,1002,100,100200,67622
INV-FY2425-10239,2024-10-03,RE,Returns,Dealer,CUST-614085,"Dealer 614085",VG,Chilli,Green Bullet,Packets,Own,MAT-24120,"Chilli Green Bullet Seed (Packets)",N/A,Maharashtra,Marathwada,S. Patil,T. Singh,A. Deshmukh,67,324,21708,13593
INV-FY2425-10240,2025-01-04,F2,Standard Invoice,Distributor,CUST-562620,"Distributor 562620",VG,Cabbage,Green Dome,Packets,Own,MAT-57357,"Cabbage Green Dome Seed (Packets)",N/A,Karnataka,North Karnataka,B. Gowda,P. Joshi,H. Kumar,334,295,98530,70146
INV-FY2425-10241,2025-03-23,F2,Standard Invoice,Dealer,CUST-868191,"Dealer 868191",VG,Okra,Siri Green,KG,Own,MAT-55713,"Okra Siri Green Seed (KG)",N/A,Gujarat,North Gujarat,V. Patel,P. Joshi,R. Shah,64,167,10688,6448
INV-FY2425-10242,2024-12-02,F2,Standard Invoice,Dealer,CUST-949282,"Dealer 949282",VG,Okra,Acsen Anamika,KG,Own,MAT-62494,"Okra Acsen Anamika Seed (KG)",N/A,Gujarat,North Gujarat,V. Patel,P. Joshi,R. Shah,15,162,2430,1819
INV-FY2425-10243,2024-11-22,F2,Standard Invoice,Dealer,CUST-732030,"Dealer 732030",VG,Chilli,Acsen Guntur Special,Packets,Own,MAT-82721,"Chilli Acsen Guntur Special Seed (Packets)",N/A,Gujarat,Saurashtra,V. Patel,P. Joshi,R. Shah,64,299,19136,12135
INV-FY2425-10244,2024-12-30,F2,Standard Invoice,Dealer,CUST-510846,"Dealer 510846",VG,Chilli,Acsen Guntur Special,Packets,Own,MAT-88395,"Chilli Acsen Guntur Special Seed (Packets)",N/A,Maharashtra,Vidarbha,S. Patil,T. Singh,A. Deshmukh,14,348,4872,3353
INV-FY2425-10245,2024-11-27,F2,Standard Invoice,Distributor,CUST-918199,"Distributor 918199",FC,Maize,Super Gold 99,KG,Own,MAT-10859,"Maize Super Gold 99 Seed (KG)",Rabi,Tamil Nadu,East TN,M. Selvam,Ramesh Nair,S. Kavin,617,94,57998,42741
INV-FY2425-10246,2025-01-13,F2,Standard Invoice,Dealer,CUST-218612,"Dealer 218612",FC,Cotton,Astra Bt2,Packets,Trade,MAT-99903,"Cotton Astra Bt2 Seed (Packets)",Rabi,Tamil Nadu,East TN,M. Selvam,Ramesh Nair,S. Kavin,109,864,94176,62971
INV-FY2425-10247,2024-11-08,F2,Standard Invoice,Dealer,CUST-445826,"Dealer 445826",FC,Cotton,Astra Bt2,Packets,Own,MAT-19342,"Cotton Astra Bt2 Seed (Packets)",Rabi,Maharashtra,Vidarbha,S. Patil,T. Singh,A. Deshmukh,56,862,48272,32979
INV-FY2425-10248,2025-01-04,RE,Returns,Dealer,CUST-799542,"Dealer 799542",FC,Paddy,Samba Deluxe,KG,Own,MAT-13926,"Paddy Samba Deluxe Seed (KG)",Rabi,Andhra Pradesh,Rayalaseema,V. Naidu,K. Reddy,G. Rao,56,81,4536,2768
INV-FY2425-10249,2024-09-06,F2,Standard Invoice,Dealer,CUST-664803,"Dealer 664803",VG,Chilli,Teja Hot,Packets,Own,MAT-84748,"Chilli Teja Hot Seed (Packets)",N/A,Karnataka,South Karnataka,B. Gowda,P. Joshi,H. Kumar,33,321,10593,7001
INV-FY2425-10250,2024-09-12,IPT,Stock Transfer (IPT),Dealer,CUST-134017,"Dealer 134017",VG,Tomato,Red Ruby,Packets,Trade,MAT-77306,"Tomato Red Ruby Seed (Packets)",N/A,Maharashtra,Marathwada,S. Patil,T. Singh,A. Deshmukh,408,412,168096,101596
INV-FY2425-10251,2025-02-03,F2,Standard Invoice,Distributor,CUST-970247,"Distributor 970247",VG,Tomato,Acsen Hybrid T1,Packets,Trade,MAT-49862,"Tomato Acsen Hybrid T1 Seed (Packets)",N/A,Andhra Pradesh,Coastal AP,V. Naidu,K. Reddy,G. Rao,452,479,216508,132702
INV-FY2425-10252,2025-02-14,F2,Standard Invoice,Dealer,CUST-535452,"Dealer 535452",VG,Chilli,Acsen Guntur Special,Packets,Own,MAT-20657,"Chilli Acsen Guntur Special Seed (Packets)",N/A,Karnataka,South Karnataka,B. Gowda,P. Joshi,H. Kumar,104,295,30680,18938
INV-FY2425-10253,2024-11-12,RE,Returns,Dealer,CUST-799518,"Dealer 799518",VG,Tomato,Red Ruby,Packets,Trade,MAT-26054,"Tomato Red Ruby Seed (Packets)",N/A,Gujarat,Saurashtra,V. Patel,P. Joshi,R. Shah,53,462,24486,15884
INV-FY2425-10254,2025-01-27,F2,Standard Invoice,Dealer,CUST-293138,"Dealer 293138",FC,Maize,Kaveri Pro,KG,Trade,MAT-14039,"Maize Kaveri Pro Seed (KG)",Rabi,Gujarat,Saurashtra,V. Patel,P. Joshi,R. Shah,84,81,6804,4972
INV-FY2425-10255,2024-11-16,F2,Standard Invoice,Dealer,CUST-172684,"Dealer 172684",VG,Tomato,Acsen Hybrid T1,Packets,Own,MAT-11939,"Tomato Acsen Hybrid T1 Seed (Packets)",N/A,Karnataka,Coastal Karnataka,B. Gowda,P. Joshi,H. Kumar,63,466,29358,21364
INV-FY2425-10256,2025-01-13,F2,Standard Invoice,Dealer,CUST-649176,"Dealer 649176",FC,Maize,Super Gold 99,KG,Own,MAT-18113,"Maize Super Gold 99 Seed (KG)",Rabi,Karnataka,Coastal Karnataka,B. Gowda,P. Joshi,H. Kumar,67,89,5963,3767
INV-FY2425-10257,2024-11-14,F2,Standard Invoice,Distributor,CUST-694777,"Distributor 694777",VG,Cabbage,Acsen Winner,Packets,Own,MAT-33477,"Cabbage Acsen Winner Seed (Packets)",N/A,Maharashtra,Vidarbha,S. Patil,T. Singh,A. Deshmukh,230,287,66010,40045
INV-FY2425-10258,2024-12-08,S1,Cancelled Invoice,Dealer,CUST-973978,"Dealer 973978",FC,Cotton,Astra Bt2,Packets,Own,MAT-92519,"Cotton Astra Bt2 Seed (Packets)",Rabi,Tamil Nadu,East TN,M. Selvam,Ramesh Nair,S. Kavin,55,918,50490,30443
INV-FY2425-10259,2025-02-20,F2,Standard Invoice,Dealer,CUST-211185,"Dealer 211185",VG,Tomato,Acsen Hybrid T1,Packets,Trade,MAT-81020,"Tomato Acsen Hybrid T1 Seed (Packets)",N/A,Maharashtra,Vidarbha,S. Patil,T. Singh,A. Deshmukh,54,462,24948,15766
INV-FY2425-10260,2024-09-23,RE,Returns,Dealer,CUST-483304,"Dealer 483304",VG,Tomato,Acsen Hybrid T1,Packets,Trade,MAT-28688,"Tomato Acsen Hybrid T1 Seed (Packets)",N/A,Karnataka,South Karnataka,B. Gowda,P. Joshi,H. Kumar,94,451,42394,30981
INV-FY2425-10261,2024-10-07,F2,Standard Invoice,Dealer,CUST-199630,"Dealer 199630",FC,Cotton,Kalyan,Packets,Own,MAT-68841,"Cotton Kalyan Seed (Packets)",Kharif,Tamil Nadu,North TN,M. Selvam,Ramesh Nair,S. Kavin,94,905,85070,57358
INV-FY2425-10262,2025-03-14,RE,Returns,Distributor,CUST-372871,"Distributor 372871",FC,Cotton,Astra Bt2,Packets,Own,MAT-30658,"Cotton Astra Bt2 Seed (Packets)",Summer,Andhra Pradesh,Rayalaseema,V. Naidu,K. Reddy,G. Rao,911,918,836298,619915
INV-FY2425-10263,2025-03-22,F2,Standard Invoice,Dealer,CUST-899432,"Dealer 899432",VG,Cabbage,Acsen Winner,Packets,Own,MAT-13512,"Cabbage Acsen Winner Seed (Packets)",N/A,Andhra Pradesh,Rayalaseema,V. Naidu,K. Reddy,G. Rao,16,299,4784,3131
INV-FY2425-10264,2024-10-04,F2,Standard Invoice,Dealer,CUST-505399,"Dealer 505399",VG,Tomato,Acsen Hybrid T1,Packets,Own,MAT-96647,"Tomato Acsen Hybrid T1 Seed (Packets)",N/A,Tamil Nadu,East TN,M. Selvam,Ramesh Nair,S. Kavin,50,407,20350,12437
INV-FY2425-10265,2024-09-05,F2,Standard Invoice,Distributor,CUST-362297,"Distributor 362297",FC,Paddy,Acsen Ponni,KG,Own,MAT-17972,"Paddy Acsen Ponni Seed (KG)",Kharif,Gujarat,South Gujarat,V. Patel,P. Joshi,R. Shah,207,71,14697,9922
INV-FY2425-10266,2025-03-02,F2,Standard Invoice,Dealer,CUST-944366,"Dealer 944366",VG,Okra,Siri Green,KG,Own,MAT-64691,"Okra Siri Green Seed (KG)",N/A,Karnataka,North Karnataka,B. Gowda,P. Joshi,H. Kumar,23,192,4416,3182
INV-FY2425-10267,2024-09-18,RE,Returns,Distributor,CUST-228803,"Distributor 228803",VG,Okra,Siri Green,KG,Own,MAT-78829,"Okra Siri Green Seed (KG)",N/A,Gujarat,South Gujarat,V. Patel,P. Joshi,R. Shah,800,186,148800,89575
INV-FY2425-10268,2024-10-31,F2,Standard Invoice,Dealer,CUST-740891,"Dealer 740891",FC,Mustard,Acsen Kanti,KG,Trade,MAT-20401,"Mustard Acsen Kanti Seed (KG)",Rabi,Karnataka,South Karnataka,B. Gowda,P. Joshi,H. Kumar,27,115,3105,2285
INV-FY2425-10269,2025-02-17,F2,Standard Invoice,Dealer,CUST-626281,"Dealer 626281",VG,Tomato,Gold Crest,Packets,Own,MAT-61197,"Tomato Gold Crest Seed (Packets)",N/A,Karnataka,Coastal Karnataka,B. Gowda,P. Joshi,H. Kumar,60,484,29040,20810
INV-FY2425-10270,2025-03-23,F2,Standard Invoice,Distributor,CUST-765108,"Distributor 765108",FC,Maize,Super Gold 99,KG,Trade,MAT-98753,"Maize Super Gold 99 Seed (KG)",Summer,Gujarat,North Gujarat,V. Patel,P. Joshi,R. Shah,106,98,10388,6610
INV-FY2425-10271,2024-12-21,F2,Standard Invoice,Dealer,CUST-848613,"Dealer 848613",FC,Maize,Kaveri Pro,KG,Own,MAT-65414,"Maize Kaveri Pro Seed (KG)",Rabi,Tamil Nadu,South TN,M. Selvam,Ramesh Nair,S. Kavin,20,97,1940,1429
INV-FY2425-10272,2024-09-25,F2,Standard Invoice,Distributor,CUST-475988,"Distributor 475988",VG,Cabbage,Green Dome,Packets,Own,MAT-15717,"Cabbage Green Dome Seed (Packets)",N/A,Tamil Nadu,North TN,M. Selvam,Ramesh Nair,S. Kavin,151,257,38807,26646
INV-FY2425-10273,2025-01-24,F2,Standard Invoice,Dealer,CUST-988201,"Dealer 988201",FC,Maize,Kaveri Pro,KG,Own,MAT-73129,"Maize Kaveri Pro Seed (KG)",Rabi,Tamil Nadu,West TN,M. Selvam,Ramesh Nair,S. Kavin,78,94,7332,5412
INV-FY2425-10274,2025-01-12,F2,Standard Invoice,Distributor,CUST-944500,"Distributor 944500",FC,Paddy,Super Sona,KG,Own,MAT-95329,"Paddy Super Sona Seed (KG)",Rabi,Tamil Nadu,South TN,M. Selvam,Ramesh Nair,S. Kavin,467,73,34091,21491
INV-FY2425-10275,2025-01-14,F2,Standard Invoice,Distributor,CUST-790397,"Distributor 790397",VG,Okra,Siri Green,KG,Own,MAT-76430,"Okra Siri Green Seed (KG)",N/A,Maharashtra,Vidarbha,S. Patil,T. Singh,A. Deshmukh,1055,177,186735,132679
INV-FY2425-10276,2025-03-25,F2,Standard Invoice,Dealer,CUST-929643,"Dealer 929643",FC,Maize,Kaveri Pro,KG,Trade,MAT-36595,"Maize Kaveri Pro Seed (KG)",Summer,Karnataka,North Karnataka,B. Gowda,P. Joshi,H. Kumar,94,94,8836,5666
INV-FY2425-10277,2024-09-24,S1,Cancelled Invoice,Distributor,CUST-918675,"Distributor 918675",VG,Cabbage,Acsen Winner,Packets,Trade,MAT-68262,"Cabbage Acsen Winner Seed (Packets)",N/A,Maharashtra,Vidarbha,S. Patil,T. Singh,A. Deshmukh,639,253,161667,119736
INV-FY2425-10278,2024-12-27,F2,Standard Invoice,Dealer,CUST-191122,"Dealer 191122",VG,Tomato,Acsen Hybrid T1,Packets,Own,MAT-58791,"Tomato Acsen Hybrid T1 Seed (Packets)",N/A,Maharashtra,Vidarbha,S. Patil,T. Singh,A. Deshmukh,32,441,14112,9328
INV-FY2425-10279,2024-09-16,F2,Standard Invoice,Dealer,CUST-850072,"Dealer 850072",VG,Okra,Acsen Anamika,KG,Own,MAT-52715,"Okra Acsen Anamika Seed (KG)",N/A,Tamil Nadu,North TN,M. Selvam,Ramesh Nair,S. Kavin,79,173,13667,8620
INV-FY2425-10280,2025-03-25,F2,Standard Invoice,Dealer,CUST-492109,"Dealer 492109",FC,Paddy,Samba Deluxe,KG,Own,MAT-44407,"Paddy Samba Deluxe Seed (KG)",Summer,Gujarat,South Gujarat,V. Patel,P. Joshi,R. Shah,10,77,770,568
INV-FY2425-10281,2024-10-17,F2,Standard Invoice,Dealer,CUST-902195,"Dealer 902195",VG,Okra,Siri Green,KG,Own,MAT-53540,"Okra Siri Green Seed (KG)",N/A,Maharashtra,Vidarbha,S. Patil,T. Singh,A. Deshmukh,81,175,14175,9280
INV-FY2425-10282,2025-02-04,RE,Returns,Dealer,CUST-663178,"Dealer 663178",VG,Tomato,Red Ruby,Packets,Own,MAT-58450,"Tomato Red Ruby Seed (Packets)",N/A,Karnataka,Coastal Karnataka,B. Gowda,P. Joshi,H. Kumar,27,492,13284,9873
INV-FY2425-10283,2025-01-09,F2,Standard Invoice,Dealer,CUST-194063,"Dealer 194063",VG,Tomato,Red Ruby,Packets,Own,MAT-27151,"Tomato Red Ruby Seed (Packets)",N/A,Gujarat,South Gujarat,V. Patel,P. Joshi,R. Shah,72,474,34128,20941
INV-FY2425-10284,2025-03-12,RE,Returns,Dealer,CUST-230357,"Dealer 230357",FC,Cotton,Astra Bt2,Packets,Own,MAT-63371,"Cotton Astra Bt2 Seed (Packets)",Summer,Andhra Pradesh,Telangana Border,V. Naidu,K. Reddy,G. Rao,107,807,86349,64526
INV-FY2425-10285,2025-03-07,F2,Standard Invoice,Dealer,CUST-295004,"Dealer 295004",FC,Maize,Super Gold 99,KG,Own,MAT-33327,"Maize Super Gold 99 Seed (KG)",Summer,Gujarat,North Gujarat,V. Patel,P. Joshi,R. Shah,23,94,2162,1617
INV-FY2425-10286,2024-12-13,F2,Standard Invoice,Dealer,CUST-992360,"Dealer 992360",FC,Maize,Kaveri Pro,KG,Trade,MAT-63440,"Maize Kaveri Pro Seed (KG)",Rabi,Tamil Nadu,South TN,M. Selvam,Ramesh Nair,S. Kavin,11,96,1056,651
INV-FY2425-10287,2024-12-30,F2,Standard Invoice,Dealer,CUST-788358,"Dealer 788358",FC,Mustard,Pusa Bold,KG,Own,MAT-36530,"Mustard Pusa Bold Seed (KG)",Rabi,Tamil Nadu,East TN,M. Selvam,Ramesh Nair,S. Kavin,70,119,8330,5229
INV-FY2425-10288,2024-12-24,F2,Standard Invoice,Dealer,CUST-817192,"Dealer 817192",FC,Maize,Super Gold 99,KG,Own,MAT-18620,"Maize Super Gold 99 Seed (KG)",Rabi,Maharashtra,Vidarbha,S. Patil,T. Singh,A. Deshmukh,16,88,1408,867
INV-FY2425-10289,2024-11-28,F2,Standard Invoice,Dealer,CUST-335774,"Dealer 335774",FC,Cotton,Astra Bt2,Packets,Own,MAT-72947,"Cotton Astra Bt2 Seed (Packets)",Rabi,Karnataka,South Karnataka,B. Gowda,P. Joshi,H. Kumar,94,870,81780,58055
INV-FY2425-10290,2024-10-27,F2,Standard Invoice,Dealer,CUST-500162,"Dealer 500162",VG,Okra,Acsen Anamika,KG,Own,MAT-38323,"Okra Acsen Anamika Seed (KG)",N/A,Maharashtra,Vidarbha,S. Patil,T. Singh,A. Deshmukh,22,189,4158,2529
INV-FY2425-10291,2024-11-26,F2,Standard Invoice,Dealer,CUST-658943,"Dealer 658943",VG,Okra,Siri Green,KG,Own,MAT-61643,"Okra Siri Green Seed (KG)",N/A,Karnataka,South Karnataka,B. Gowda,P. Joshi,H. Kumar,80,165,13200,9012
INV-FY2425-10292,2025-02-23,F2,Standard Invoice,Dealer,CUST-131645,"Dealer 131645",VG,Tomato,Acsen Hybrid T1,Packets,Own,MAT-39899,"Tomato Acsen Hybrid T1 Seed (Packets)",N/A,Maharashtra,Vidarbha,S. Patil,T. Singh,A. Deshmukh,16,415,6640,4711
INV-FY2425-10293,2024-10-17,F2,Standard Invoice,Dealer,CUST-918696,"Dealer 918696",FC,Paddy,Acsen Ponni,KG,Own,MAT-28664,"Paddy Acsen Ponni Seed (KG)",Kharif,Tamil Nadu,South TN,M. Selvam,Ramesh Nair,S. Kavin,78,76,5928,4434
INV-FY2425-10294,2025-01-22,F2,Standard Invoice,Distributor,CUST-123047,"Distributor 123047",FC,Maize,Super Gold 99,KG,Trade,MAT-72651,"Maize Super Gold 99 Seed (KG)",Rabi,Maharashtra,Vidarbha,S. Patil,T. Singh,A. Deshmukh,113,84,9492,5817
INV-FY2425-10295,2024-11-25,F2,Standard Invoice,Dealer,CUST-938601,"Dealer 938601",FC,Maize,Super Gold 99,KG,Trade,MAT-80659,"Maize Super Gold 99 Seed (KG)",Rabi,Tamil Nadu,West TN,M. Selvam,Ramesh Nair,S. Kavin,18,98,1764,1118
INV-FY2425-10296,2024-12-10,RE,Returns,Distributor,CUST-487783,"Distributor 487783",VG,Tomato,Red Ruby,Packets,Trade,MAT-58206,"Tomato Red Ruby Seed (Packets)",N/A,Andhra Pradesh,Rayalaseema,V. Naidu,K. Reddy,G. Rao,658,448,294784,201145
INV-FY2425-10297,2024-09-02,F2,Standard Invoice,Dealer,CUST-467203,"Dealer 467203",VG,Tomato,Acsen Hybrid T1,Packets,Trade,MAT-28846,"Tomato Acsen Hybrid T1 Seed (Packets)",N/A,Gujarat,North Gujarat,V. Patel,P. Joshi,R. Shah,68,476,32368,23457
INV-FY2425-10298,2024-11-12,S1,Cancelled Invoice,Distributor,CUST-738749,"Distributor 738749",VG,Cabbage,Green Dome,Packets,Own,MAT-52652,"Cabbage Green Dome Seed (Packets)",N/A,Karnataka,Coastal Karnataka,B. Gowda,P. Joshi,H. Kumar,798,269,214662,157670
INV-FY2425-10299,2024-10-05,F2,Standard Invoice,Dealer,CUST-105706,"Dealer 105706",VG,Tomato,Gold Crest,Packets,Own,MAT-66736,"Tomato Gold Crest Seed (Packets)",N/A,Karnataka,Coastal Karnataka,B. Gowda,P. Joshi,H. Kumar,83,455,37765,23489
INV-FY2425-10300,2025-03-24,F2,Standard Invoice,Dealer,CUST-234104,"Dealer 234104",FC,Cotton,Kalyan,Packets,Trade,MAT-99877,"Cotton Kalyan Seed (Packets)",Summer,Maharashtra,Marathwada,S. Patil,T. Singh,A. Deshmukh,98,785,76930,48443
INV-FY2425-10301,2025-01-03,S1,Cancelled Invoice,Dealer,CUST-410687,"Dealer 410687",FC,Maize,Acsen Star,KG,Own,MAT-89005,"Maize Acsen Star Seed (KG)",Rabi,Gujarat,Saurashtra,V. Patel,P. Joshi,R. Shah,32,84,2688,1895
INV-FY2425-10302,2024-09-10,F2,Standard Invoice,Dealer,CUST-460035,"Dealer 460035",VG,Okra,No. 10,KG,Own,MAT-51563,"Okra No. 10 Seed (KG)",N/A,Gujarat,South Gujarat,V. Patel,P. Joshi,R. Shah,32,163,5216,3517
INV-FY2425-10303,2025-02-13,F2,Standard Invoice,Distributor,CUST-904709,"Distributor 904709",VG,Tomato,Gold Crest,Packets,Own,MAT-47649,"Tomato Gold Crest Seed (Packets)",N/A,Maharashtra,Marathwada,S. Patil,T. Singh,A. Deshmukh,1045,446,466070,303257
INV-FY2425-10304,2024-10-06,F2,Standard Invoice,Dealer,CUST-986546,"Dealer 986546",VG,Chilli,Green Bullet,Packets,Trade,MAT-72016,"Chilli Green Bullet Seed (Packets)",N/A,Gujarat,South Gujarat,V. Patel,P. Joshi,R. Shah,50,338,16900,11143
INV-FY2425-10305,2024-12-14,F2,Standard Invoice,Dealer,CUST-676855,"Dealer 676855",VG,Okra,No. 10,KG,Own,MAT-89617,"Okra No. 10 Seed (KG)",N/A,Gujarat,North Gujarat,V. Patel,P. Joshi,R. Shah,101,197,19897,13248
INV-FY2425-10306,2024-09-30,F2,Standard Invoice,Dealer,CUST-808204,"Dealer 808204",VG,Okra,Siri Green,KG,Trade,MAT-16384,"Okra Siri Green Seed (KG)",N/A,Maharashtra,Marathwada,S. Patil,T. Singh,A. Deshmukh,55,183,10065,6091
INV-FY2425-10307,2024-10-22,F2,Standard Invoice,Dealer,CUST-950032,"Dealer 950032",FC,Cotton,Kalyan,Packets,Trade,MAT-13755,"Cotton Kalyan Seed (Packets)",Kharif,Tamil Nadu,East TN,M. Selvam,Ramesh Nair,S. Kavin,93,804,74772,49574
INV-FY2425-10308,2025-01-19,F2,Standard Invoice,Dealer,CUST-691601,"Dealer 691601",FC,Mustard,Acsen Kanti,KG,Own,MAT-24244,"Mustard Acsen Kanti Seed (KG)",Rabi,Tamil Nadu,North TN,M. Selvam,Ramesh Nair,S. Kavin,47,114,5358,3854
INV-FY2425-10309,2025-03-28,F2,Standard Invoice,Dealer,CUST-474861,"Dealer 474861",VG,Cabbage,Green Dome,Packets,Trade,MAT-88716,"Cabbage Green Dome Seed (Packets)",N/A,Andhra Pradesh,Coastal AP,V. Naidu,K. Reddy,G. Rao,59,270,15930,9558
INV-FY2425-10310,2024-10-10,F2,Standard Invoice,Distributor,CUST-971548,"Distributor 971548",VG,Okra,Acsen Anamika,KG,Trade,MAT-46302,"Okra Acsen Anamika Seed (KG)",N/A,Maharashtra,Western Maharashtra,S. Patil,T. Singh,A. Deshmukh,947,182,172354,112298
INV-FY2425-10311,2025-02-16,F2,Standard Invoice,Dealer,CUST-555740,"Dealer 555740",FC,Mustard,Pusa Bold,KG,Trade,MAT-71590,"Mustard Pusa Bold Seed (KG)",Rabi,Gujarat,South Gujarat,V. Patel,P. Joshi,R. Shah,24,104,2496,1583
INV-FY2425-10312,2024-10-09,RE,Returns,Dealer,CUST-899799,"Dealer 899799",FC,Paddy,Samba Deluxe,KG,Own,MAT-99459,"Paddy Samba Deluxe Seed (KG)",Kharif,Tamil Nadu,West TN,M. Selvam,Ramesh Nair,S. Kavin,69,77,5313,3559
INV-FY2425-10313,2025-01-06,IPT,Stock Transfer (IPT),Distributor,CUST-688745,"Distributor 688745",VG,Chilli,Acsen Guntur Special,Packets,Own,MAT-52903,"Chilli Acsen Guntur Special Seed (Packets)",N/A,Maharashtra,Vidarbha,S. Patil,T. Singh,A. Deshmukh,171,340,58140,41628
INV-FY2425-10314,2024-10-21,F2,Standard Invoice,Dealer,CUST-103994,"Dealer 103994",VG,Cabbage,Green Dome,Packets,Trade,MAT-55283,"Cabbage Green Dome Seed (Packets)",N/A,Tamil Nadu,South TN,M. Selvam,Ramesh Nair,S. Kavin,45,268,12060,7569
INV-FY2425-10315,2024-12-21,F2,Standard Invoice,Distributor,CUST-449462,"Distributor 449462",FC,Cotton,Kalyan,Packets,Own,MAT-81551,"Cotton Kalyan Seed (Packets)",Rabi,Tamil Nadu,South TN,M. Selvam,Ramesh Nair,S. Kavin,687,918,630666,391635
INV-FY2425-10316,2025-02-06,F2,Standard Invoice,Distributor,CUST-973704,"Distributor 973704",FC,Maize,Kaveri Pro,KG,Trade,MAT-97847,"Maize Kaveri Pro Seed (KG)",Rabi,Gujarat,North Gujarat,V. Patel,P. Joshi,R. Shah,467,92,42964,28251
INV-FY2425-10317,2024-09-28,F2,Standard Invoice,Dealer,CUST-602323,"Dealer 602323",FC,Cotton,Kalyan,Packets,Trade,MAT-24865,"Cotton Kalyan Seed (Packets)",Kharif,Maharashtra,Vidarbha,S. Patil,T. Singh,A. Deshmukh,102,881,89862,65702
INV-FY2425-10318,2024-09-20,F2,Standard Invoice,Dealer,CUST-441850,"Dealer 441850",FC,Maize,Acsen Star,KG,Own,MAT-44829,"Maize Acsen Star Seed (KG)",Kharif,Andhra Pradesh,Rayalaseema,V. Naidu,K. Reddy,G. Rao,109,98,10682,7967
INV-FY2425-10319,2025-03-18,F2,Standard Invoice,Dealer,CUST-171984,"Dealer 171984",FC,Maize,Super Gold 99,KG,Own,MAT-30944,"Maize Super Gold 99 Seed (KG)",Summer,Karnataka,South Karnataka,B. Gowda,P. Joshi,H. Kumar,63,89,5607,3706
INV-FY2425-10320,2025-03-28,F2,Standard Invoice,Dealer,CUST-462112,"Dealer 462112",FC,Maize,Super Gold 99,KG,Trade,MAT-47248,"Maize Super Gold 99 Seed (KG)",Summer,Tamil Nadu,North TN,M. Selvam,Ramesh Nair,S. Kavin,72,90,6480,4115
INV-FY2425-10321,2025-01-15,F2,Standard Invoice,Dealer,CUST-458643,"Dealer 458643",FC,Cotton,Acsen White Gold,Packets,Own,MAT-63757,"Cotton Acsen White Gold Seed (Packets)",Rabi,Maharashtra,Vidarbha,S. Patil,T. Singh,A. Deshmukh,10,787,7870,4854
INV-FY2425-10322,2024-09-17,F2,Standard Invoice,Distributor,CUST-125328,"Distributor 125328",FC,Paddy,Acsen Ponni,KG,Own,MAT-39948,"Paddy Acsen Ponni Seed (KG)",Kharif,Maharashtra,Marathwada,S. Patil,T. Singh,A. Deshmukh,475,79,37525,23779
INV-FY2425-10323,2025-01-06,RE,Returns,Dealer,CUST-913428,"Dealer 913428",FC,Maize,Acsen Star,KG,Own,MAT-71319,"Maize Acsen Star Seed (KG)",Rabi,Gujarat,Saurashtra,V. Patel,P. Joshi,R. Shah,64,93,5952,3677
INV-FY2425-10324,2025-02-10,F2,Standard Invoice,Dealer,CUST-661554,"Dealer 661554",VG,Cabbage,Green Dome,Packets,Own,MAT-90095,"Cabbage Green Dome Seed (Packets)",N/A,Maharashtra,Western Maharashtra,S. Patil,T. Singh,A. Deshmukh,98,271,26558,18347
INV-FY2425-10325,2025-01-04,F2,Standard Invoice,Dealer,CUST-477143,"Dealer 477143",VG,Tomato,Red Ruby,Packets,Own,MAT-92070,"Tomato Red Ruby Seed (Packets)",N/A,Gujarat,North Gujarat,V. Patel,P. Joshi,R. Shah,109,485,52865,32054
INV-FY2425-10326,2024-10-23,F2,Standard Invoice,Dealer,CUST-589690,"Dealer 589690",FC,Paddy,Super Sona,KG,Own,MAT-66654,"Paddy Super Sona Seed (KG)",Kharif,Karnataka,Coastal Karnataka,B. Gowda,P. Joshi,H. Kumar,90,70,6300,4692
INV-FY2425-10327,2025-03-16,F2,Standard Invoice,Dealer,CUST-395262,"Dealer 395262",VG,Tomato,Acsen Hybrid T1,Packets,Own,MAT-86791,"Tomato Acsen Hybrid T1 Seed (Packets)",N/A,Maharashtra,Western Maharashtra,S. Patil,T. Singh,A. Deshmukh,107,468,50076,36678
INV-FY2425-10328,2025-01-26,F2,Standard Invoice,Dealer,CUST-403472,"Dealer 403472",VG,Okra,Siri Green,KG,Own,MAT-98922,"Okra Siri Green Seed (KG)",N/A,Tamil Nadu,West TN,M. Selvam,Ramesh Nair,S. Kavin,46,195,8970,5970
INV-FY2425-10329,2025-01-27,F2,Standard Invoice,Distributor,CUST-667957,"Distributor 667957",VG,Okra,No. 10,KG,Own,MAT-51488,"Okra No. 10 Seed (KG)",N/A,Karnataka,South Karnataka,B. Gowda,P. Joshi,H. Kumar,164,171,28044,18587
INV-FY2425-10330,2024-09-06,F2,Standard Invoice,Distributor,CUST-112211,"Distributor 112211",VG,Tomato,Red Ruby,Packets,Own,MAT-50418,"Tomato Red Ruby Seed (Packets)",N/A,Tamil Nadu,East TN,M. Selvam,Ramesh Nair,S. Kavin,515,432,222480,157599
INV-FY2425-10331,2024-10-01,F2,Standard Invoice,Dealer,CUST-540032,"Dealer 540032",FC,Paddy,Acsen Ponni,KG,Trade,MAT-48635,"Paddy Acsen Ponni Seed (KG)",Kharif,Gujarat,Saurashtra,V. Patel,P. Joshi,R. Shah,102,73,7446,5368
INV-FY2425-10332,2024-11-12,F2,Standard Invoice,Dealer,CUST-857730,"Dealer 857730",FC,Maize,Acsen Star,KG,Own,MAT-24588,"Maize Acsen Star Seed (KG)",Rabi,Gujarat,Saurashtra,V. Patel,P. Joshi,R. Shah,74,98,7252,5434
INV-FY2425-10333,2024-10-31,F2,Standard Invoice,Dealer,CUST-556595,"Dealer 556595",FC,Mustard,Pusa Bold,KG,Own,MAT-87965,"Mustard Pusa Bold Seed (KG)",Kharif,Maharashtra,Western Maharashtra,S. Patil,T. Singh,A. Deshmukh,71,101,7171,5371
INV-FY2425-10334,2025-03-24,F2,Standard Invoice,Dealer,CUST-220586,"Dealer 220586",VG,Cabbage,Green Dome,Packets,Own,MAT-77370,"Cabbage Green Dome Seed (Packets)",N/A,Karnataka,North Karnataka,B. Gowda,P. Joshi,H. Kumar,96,287,27552,17079
INV-FY2425-10335,2024-12-25,F2,Standard Invoice,Dealer,CUST-500462,"Dealer 500462",VG,Tomato,Red Ruby,Packets,Own,MAT-48954,"Tomato Red Ruby Seed (Packets)",N/A,Karnataka,South Karnataka,B. Gowda,P. Joshi,H. Kumar,93,406,37758,27731
INV-FY2425-10336,2024-12-15,F2,Standard Invoice,Dealer,CUST-243166,"Dealer 243166",FC,Mustard,Pusa Bold,KG,Own,MAT-19084,"Mustard Pusa Bold Seed (KG)",Rabi,Gujarat,South Gujarat,V. Patel,P. Joshi,R. Shah,90,119,10710,8022
INV-FY2425-10337,2024-12-14,F2,Standard Invoice,Distributor,CUST-298143,"Distributor 298143",FC,Paddy,Samba Deluxe,KG,Own,MAT-29456,"Paddy Samba Deluxe Seed (KG)",Rabi,Maharashtra,Western Maharashtra,S. Patil,T. Singh,A. Deshmukh,842,74,62308,41965
INV-FY2425-10338,2024-10-05,F2,Standard Invoice,Dealer,CUST-346147,"Dealer 346147",VG,Okra,Siri Green,KG,Own,MAT-92612,"Okra Siri Green Seed (KG)",N/A,Maharashtra,Vidarbha,S. Patil,T. Singh,A. Deshmukh,42,186,7812,5699
INV-FY2425-10339,2024-11-03,F2,Standard Invoice,Dealer,CUST-104190,"Dealer 104190",VG,Chilli,Green Bullet,Packets,Own,MAT-41836,"Chilli Green Bullet Seed (Packets)",N/A,Gujarat,South Gujarat,V. Patel,P. Joshi,R. Shah,42,350,14700,9899
INV-FY2425-10340,2025-01-06,F2,Standard Invoice,Dealer,CUST-353015,"Dealer 353015",VG,Okra,Siri Green,KG,Own,MAT-18613,"Okra Siri Green Seed (KG)",N/A,Gujarat,North Gujarat,V. Patel,P. Joshi,R. Shah,32,176,5632,4153
INV-FY2425-10341,2024-12-01,F2,Standard Invoice,Dealer,CUST-240686,"Dealer 240686",VG,Tomato,Gold Crest,Packets,Own,MAT-69929,"Tomato Gold Crest Seed (Packets)",N/A,Gujarat,South Gujarat,V. Patel,P. Joshi,R. Shah,47,427,20069,14489
INV-FY2425-10342,2024-10-02,F2,Standard Invoice,Dealer,CUST-825820,"Dealer 825820",FC,Mustard,Acsen Kanti,KG,Own,MAT-70090,"Mustard Acsen Kanti Seed (KG)",Kharif,Karnataka,Coastal Karnataka,B. Gowda,P. Joshi,H. Kumar,63,103,6489,3914
INV-FY2425-10343,2025-01-15,F2,Standard Invoice,Dealer,CUST-725355,"Dealer 725355",FC,Paddy,Acsen Ponni,KG,Own,MAT-88390,"Paddy Acsen Ponni Seed (KG)",Rabi,Andhra Pradesh,Rayalaseema,V. Naidu,K. Reddy,G. Rao,53,70,3710,2416
INV-FY2425-10344,2025-03-01,F2,Standard Invoice,Dealer,CUST-298389,"Dealer 298389",VG,Tomato,Gold Crest,Packets,Own,MAT-59974,"Tomato Gold Crest Seed (Packets)",N/A,Maharashtra,Vidarbha,S. Patil,T. Singh,A. Deshmukh,106,447,47382,35287
INV-FY2425-10345,2025-03-10,F2,Standard Invoice,Distributor,CUST-835490,"Distributor 835490",FC,Maize,Acsen Star,KG,Own,MAT-94844,"Maize Acsen Star Seed (KG)",Summer,Karnataka,North Karnataka,B. Gowda,P. Joshi,H. Kumar,791,93,73563,48062
INV-FY2425-10346,2025-02-05,F2,Standard Invoice,Dealer,CUST-943241,"Dealer 943241",VG,Cabbage,Acsen Winner,Packets,Trade,MAT-59263,"Cabbage Acsen Winner Seed (Packets)",N/A,Maharashtra,Vidarbha,S. Patil,T. Singh,A. Deshmukh,85,285,24225,15740
INV-FY2425-10347,2025-03-09,F2,Standard Invoice,Dealer,CUST-171387,"Dealer 171387",VG,Tomato,Gold Crest,Packets,Own,MAT-94114,"Tomato Gold Crest Seed (Packets)",N/A,Gujarat,South Gujarat,V. Patel,P. Joshi,R. Shah,79,443,34997,21897
INV-FY2425-10348,2025-02-06,F2,Standard Invoice,Dealer,CUST-568887,"Dealer 568887",FC,Paddy,Samba Deluxe,KG,Own,MAT-68325,"Paddy Samba Deluxe Seed (KG)",Rabi,Karnataka,North Karnataka,B. Gowda,P. Joshi,H. Kumar,60,74,4440,3167
INV-FY2425-10349,2024-12-21,F2,Standard Invoice,Distributor,CUST-900470,"Distributor 900470",FC,Cotton,Astra Bt2,Packets,Own,MAT-10714,"Cotton Astra Bt2 Seed (Packets)",Rabi,Gujarat,Saurashtra,V. Patel,P. Joshi,R. Shah,360,782,281520,181260
INV-FY2425-10350,2024-10-27,S1,Cancelled Invoice,Dealer,CUST-843840,"Dealer 843840",VG,Okra,No. 10,KG,Trade,MAT-67376,"Okra No. 10 Seed (KG)",N/A,Gujarat,South Gujarat,V. Patel,P. Joshi,R. Shah,15,166,2490,1535
INV-FY2425-10351,2024-09-30,F2,Standard Invoice,Dealer,CUST-150832,"Dealer 150832",FC,Mustard,Pusa Bold,KG,Own,MAT-82360,"Mustard Pusa Bold Seed (KG)",Kharif,Tamil Nadu,North TN,M. Selvam,Ramesh Nair,S. Kavin,51,101,5151,3252
INV-FY2425-10352,2025-02-22,RE,Returns,Dealer,CUST-337152,"Dealer 337152",VG,Chilli,Acsen Guntur Special,Packets,Own,MAT-92415,"Chilli Acsen Guntur Special Seed (Packets)",N/A,Maharashtra,Vidarbha,S. Patil,T. Singh,A. Deshmukh,45,321,14445,9458
INV-FY2425-10353,2025-02-13,S1,Cancelled Invoice,Dealer,CUST-217095,"Dealer 217095",VG,Chilli,Green Bullet,Packets,Own,MAT-69257,"Chilli Green Bullet Seed (Packets)",N/A,Maharashtra,Western Maharashtra,S. Patil,T. Singh,A. Deshmukh,36,320,11520,8346
INV-FY2425-10354,2024-12-14,IPT,Stock Transfer (IPT),Dealer,CUST-107833,"Dealer 107833",VG,Cabbage,Acsen Winner,Packets,Own,MAT-14627,"Cabbage Acsen Winner Seed (Packets)",N/A,Maharashtra,Vidarbha,S. Patil,T. Singh,A. Deshmukh,637,297,189189,119119
INV-FY2425-10355,2024-12-16,F2,Standard Invoice,Distributor,CUST-715016,"Distributor 715016",FC,Paddy,Acsen Ponni,KG,Own,MAT-15405,"Paddy Acsen Ponni Seed (KG)",Rabi,Karnataka,South Karnataka,B. Gowda,P. Joshi,H. Kumar,1037,79,81923,58968
INV-FY2425-10356,2024-10-09,F2,Standard Invoice,Distributor,CUST-727475,"Distributor 727475",FC,Mustard,Acsen Kanti,KG,Trade,MAT-92004,"Mustard Acsen Kanti Seed (KG)",Kharif,Maharashtra,Western Maharashtra,S. Patil,T. Singh,A. Deshmukh,826,117,96642,66751
INV-FY2425-10357,2024-10-14,F2,Standard Invoice,Dealer,CUST-898019,"Dealer 898019",VG,Cabbage,Acsen Winner,Packets,Own,MAT-96994,"Cabbage Acsen Winner Seed (Packets)",N/A,Andhra Pradesh,Telangana Border,V. Naidu,K. Reddy,G. Rao,36,254,9144,6585
INV-FY2425-10358,2024-12-18,F2,Standard Invoice,Dealer,CUST-229683,"Dealer 229683",VG,Tomato,Gold Crest,Packets,Own,MAT-21437,"Tomato Gold Crest Seed (Packets)",N/A,Tamil Nadu,West TN,M. Selvam,Ramesh Nair,S. Kavin,19,438,8322,5577
INV-FY2425-10359,2024-09-16,F2,Standard Invoice,Dealer,CUST-468079,"Dealer 468079",VG,Tomato,Gold Crest,Packets,Own,MAT-14646,"Tomato Gold Crest Seed (Packets)",N/A,Tamil Nadu,North TN,M. Selvam,Ramesh Nair,S. Kavin,62,487,30194,19084
INV-FY2425-10360,2024-09-05,F2,Standard Invoice,Dealer,CUST-664318,"Dealer 664318",FC,Mustard,Pusa Bold,KG,Own,MAT-90200,"Mustard Pusa Bold Seed (KG)",Kharif,Andhra Pradesh,Rayalaseema,V. Naidu,K. Reddy,G. Rao,105,105,11025,7591
INV-FY2425-10361,2025-01-03,F2,Standard Invoice,Distributor,CUST-158466,"Distributor 158466",VG,Tomato,Gold Crest,Packets,Own,MAT-49116,"Tomato Gold Crest Seed (Packets)",N/A,Tamil Nadu,North TN,M. Selvam,Ramesh Nair,S. Kavin,993,445,441885,322114
INV-FY2425-10362,2024-11-06,F2,Standard Invoice,Distributor,CUST-206291,"Distributor 206291",VG,Chilli,Acsen Guntur Special,Packets,Trade,MAT-12947,"Chilli Acsen Guntur Special Seed (Packets)",N/A,Maharashtra,Marathwada,S. Patil,T. Singh,A. Deshmukh,1076,310,333560,228061
INV-FY2425-10363,2025-01-19,F2,Standard Invoice,Dealer,CUST-373210,"Dealer 373210",VG,Cabbage,Acsen Winner,Packets,Trade,MAT-63906,"Cabbage Acsen Winner Seed (Packets)",N/A,Karnataka,South Karnataka,B. Gowda,P. Joshi,H. Kumar,60,293,17580,12719
INV-FY2425-10364,2025-03-27,F2,Standard Invoice,Dealer,CUST-271120,"Dealer 271120",FC,Maize,Kaveri Pro,KG,Own,MAT-24846,"Maize Kaveri Pro Seed (KG)",Summer,Karnataka,Coastal Karnataka,B. Gowda,P. Joshi,H. Kumar,22,88,1936,1413
INV-FY2425-10365,2024-11-09,F2,Standard Invoice,Dealer,CUST-492448,"Dealer 492448",VG,Tomato,Acsen Hybrid T1,Packets,Trade,MAT-98744,"Tomato Acsen Hybrid T1 Seed (Packets)",N/A,Gujarat,South Gujarat,V. Patel,P. Joshi,R. Shah,70,421,29470,17827
INV-FY2425-10366,2024-09-02,F2,Standard Invoice,Dealer,CUST-262675,"Dealer 262675",VG,Okra,No. 10,KG,Own,MAT-55048,"Okra No. 10 Seed (KG)",N/A,Maharashtra,Western Maharashtra,S. Patil,T. Singh,A. Deshmukh,36,164,5904,3757
INV-FY2425-10367,2024-11-20,F2,Standard Invoice,Dealer,CUST-660036,"Dealer 660036",VG,Cabbage,Green Dome,Packets,Own,MAT-86277,"Cabbage Green Dome Seed (Packets)",N/A,Maharashtra,Western Maharashtra,S. Patil,T. Singh,A. Deshmukh,103,276,28428,17925
INV-FY2425-10368,2025-03-08,F2,Standard Invoice,Dealer,CUST-918623,"Dealer 918623",VG,Cabbage,Acsen Winner,Packets,Own,MAT-86742,"Cabbage Acsen Winner Seed (Packets)",N/A,Karnataka,Coastal Karnataka,B. Gowda,P. Joshi,H. Kumar,79,287,22673,15316
INV-FY2425-10369,2024-12-16,F2,Standard Invoice,Dealer,CUST-660405,"Dealer 660405",VG,Okra,Siri Green,KG,Own,MAT-31806,"Okra Siri Green Seed (KG)",N/A,Tamil Nadu,North TN,M. Selvam,Ramesh Nair,S. Kavin,90,167,15030,10606
INV-FY2425-10370,2024-12-06,F2,Standard Invoice,Dealer,CUST-669507,"Dealer 669507",VG,Chilli,Acsen Guntur Special,Packets,Trade,MAT-34983,"Chilli Acsen Guntur Special Seed (Packets)",N/A,Karnataka,South Karnataka,B. Gowda,P. Joshi,H. Kumar,108,311,33588,21940
INV-FY2425-10371,2025-02-14,F2,Standard Invoice,Dealer,CUST-344392,"Dealer 344392",FC,Mustard,Acsen Kanti,KG,Own,MAT-82670,"Mustard Acsen Kanti Seed (KG)",Rabi,Tamil Nadu,East TN,M. Selvam,Ramesh Nair,S. Kavin,67,103,6901,4998
INV-FY2425-10372,2024-11-18,F2,Standard Invoice,Dealer,CUST-531351,"Dealer 531351",VG,Okra,No. 10,KG,Own,MAT-72652,"Okra No. 10 Seed (KG)",N/A,Karnataka,Coastal Karnataka,B. Gowda,P. Joshi,H. Kumar,66,186,12276,8138
INV-FY2425-10373,2024-10-04,F2,Standard Invoice,Distributor,CUST-253171,"Distributor 253171",VG,Cabbage,Acsen Winner,Packets,Own,MAT-51962,"Cabbage Acsen Winner Seed (Packets)",N/A,Gujarat,Saurashtra,V. Patel,P. Joshi,R. Shah,1020,259,264180,193246
INV-FY2425-10374,2025-01-24,F2,Standard Invoice,Distributor,CUST-718148,"Distributor 718148",FC,Maize,Acsen Star,KG,Trade,MAT-84624,"Maize Acsen Star Seed (KG)",Rabi,Andhra Pradesh,Rayalaseema,V. Naidu,K. Reddy,G. Rao,497,91,45227,33280
INV-FY2425-10375,2024-10-27,F2,Standard Invoice,Dealer,CUST-550913,"Dealer 550913",VG,Okra,Acsen Anamika,KG,Own,MAT-44697,"Okra Acsen Anamika Seed (KG)",N/A,Tamil Nadu,West TN,M. Selvam,Ramesh Nair,S. Kavin,21,169,3549,2219
INV-FY2425-10376,2024-09-16,F2,Standard Invoice,Dealer,CUST-252586,"Dealer 252586",FC,Cotton,Astra Bt2,Packets,Own,MAT-75260,"Cotton Astra Bt2 Seed (Packets)",Kharif,Karnataka,North Karnataka,B. Gowda,P. Joshi,H. Kumar,109,767,83603,60027
INV-FY2425-10377,2024-11-28,F2,Standard Invoice,Dealer,CUST-188724,"Dealer 188724",FC,Mustard,Acsen Kanti,KG,Own,MAT-84835,"Mustard Acsen Kanti Seed (KG)",Rabi,Maharashtra,Western Maharashtra,S. Patil,T. Singh,A. Deshmukh,95,107,10165,7297
INV-FY2425-10378,2025-01-13,RE,Returns,Dealer,CUST-142651,"Dealer 142651",VG,Tomato,Gold Crest,Packets,Trade,MAT-16791,"Tomato Gold Crest Seed (Packets)",N/A,Karnataka,North Karnataka,B. Gowda,P. Joshi,H. Kumar,82,470,38540,24456
INV-FY2425-10379,2025-01-22,F2,Standard Invoice,Dealer,CUST-450550,"Dealer 450550",VG,Tomato,Acsen Hybrid T1,Packets,Own,MAT-72779,"Tomato Acsen Hybrid T1 Seed (Packets)",N/A,Tamil Nadu,West TN,M. Selvam,Ramesh Nair,S. Kavin,54,449,24246,16273
INV-FY2425-10380,2025-03-20,F2,Standard Invoice,Dealer,CUST-583352,"Dealer 583352",FC,Paddy,Samba Deluxe,KG,Own,MAT-96795,"Paddy Samba Deluxe Seed (KG)",Summer,Gujarat,South Gujarat,V. Patel,P. Joshi,R. Shah,16,72,1152,808
INV-FY2425-10381,2024-11-19,F2,Standard Invoice,Dealer,CUST-310025,"Dealer 310025",VG,Cabbage,Acsen Winner,Packets,Own,MAT-98633,"Cabbage Acsen Winner Seed (Packets)",N/A,Maharashtra,Vidarbha,S. Patil,T. Singh,A. Deshmukh,43,277,11911,8824
INV-FY2425-10382,2024-11-28,RE,Returns,Dealer,CUST-712158,"Dealer 712158",VG,Tomato,Acsen Hybrid T1,Packets,Own,MAT-60407,"Tomato Acsen Hybrid T1 Seed (Packets)",N/A,Tamil Nadu,East TN,M. Selvam,Ramesh Nair,S. Kavin,65,411,26715,17941
INV-FY2425-10383,2025-03-27,F2,Standard Invoice,Dealer,CUST-462342,"Dealer 462342",VG,Tomato,Red Ruby,Packets,Trade,MAT-94582,"Tomato Red Ruby Seed (Packets)",N/A,Andhra Pradesh,Telangana Border,V. Naidu,K. Reddy,G. Rao,101,427,43127,30553
INV-FY2425-10384,2025-02-28,F2,Standard Invoice,Dealer,CUST-796561,"Dealer 796561",VG,Okra,No. 10,KG,Own,MAT-29671,"Okra No. 10 Seed (KG)",N/A,Maharashtra,Vidarbha,S. Patil,T. Singh,A. Deshmukh,34,163,5542,3720
INV-FY2425-10385,2025-03-17,S1,Cancelled Invoice,Distributor,CUST-391777,"Distributor 391777",FC,Maize,Super Gold 99,KG,Own,MAT-72509,"Maize Super Gold 99 Seed (KG)",Summer,Gujarat,Saurashtra,V. Patel,P. Joshi,R. Shah,480,82,39360,27089
INV-FY2425-10386,2024-11-17,F2,Standard Invoice,Dealer,CUST-688174,"Dealer 688174",FC,Paddy,Super Sona,KG,Trade,MAT-60494,"Paddy Super Sona Seed (KG)",Rabi,Tamil Nadu,East TN,M. Selvam,Ramesh Nair,S. Kavin,68,72,4896,3032
INV-FY2425-10387,2025-03-02,F2,Standard Invoice,Dealer,CUST-493624,"Dealer 493624",FC,Paddy,Samba Deluxe,KG,Own,MAT-69893,"Paddy Samba Deluxe Seed (KG)",Summer,Karnataka,South Karnataka,B. Gowda,P. Joshi,H. Kumar,85,75,6375,3852
INV-FY2425-10388,2024-10-07,F2,Standard Invoice,Dealer,CUST-521688,"Dealer 521688",VG,Tomato,Red Ruby,Packets,Own,MAT-80118,"Tomato Red Ruby Seed (Packets)",N/A,Andhra Pradesh,Coastal AP,V. Naidu,K. Reddy,G. Rao,78,441,34398,22194
INV-FY2425-10389,2025-03-02,F2,Standard Invoice,Dealer,CUST-981935,"Dealer 981935",VG,Tomato,Red Ruby,Packets,Own,MAT-83239,"Tomato Red Ruby Seed (Packets)",N/A,Maharashtra,Vidarbha,S. Patil,T. Singh,A. Deshmukh,79,469,37051,23402
INV-FY2425-10390,2024-09-05,F2,Standard Invoice,Distributor,CUST-180117,"Distributor 180117",VG,Tomato,Red Ruby,Packets,Trade,MAT-86793,"Tomato Red Ruby Seed (Packets)",N/A,Karnataka,South Karnataka,B. Gowda,P. Joshi,H. Kumar,321,442,141882,100636
INV-FY2425-10391,2024-09-28,F2,Standard Invoice,Distributor,CUST-648702,"Distributor 648702",FC,Maize,Super Gold 99,KG,Own,MAT-38681,"Maize Super Gold 99 Seed (KG)",Kharif,Karnataka,South Karnataka,B. Gowda,P. Joshi,H. Kumar,707,87,61509,40320
INV-FY2425-10392,2025-01-30,RE,Returns,Dealer,CUST-318456,"Dealer 318456",FC,Mustard,Acsen Kanti,KG,Own,MAT-16608,"Mustard Acsen Kanti Seed (KG)",Rabi,Tamil Nadu,East TN,M. Selvam,Ramesh Nair,S. Kavin,10,107,1070,661
INV-FY2425-10393,2024-12-05,F2,Standard Invoice,Distributor,CUST-736103,"Distributor 736103",VG,Tomato,Acsen Hybrid T1,Packets,Own,MAT-42954,"Tomato Acsen Hybrid T1 Seed (Packets)",N/A,Gujarat,Saurashtra,V. Patel,P. Joshi,R. Shah,219,435,95265,61431
INV-FY2425-10394,2024-10-29,F2,Standard Invoice,Distributor,CUST-952725,"Distributor 952725",FC,Mustard,Pusa Bold,KG,Own,MAT-71539,"Mustard Pusa Bold Seed (KG)",Kharif,Maharashtra,Vidarbha,S. Patil,T. Singh,A. Deshmukh,111,100,11100,7707
INV-FY2425-10395,2024-09-13,F2,Standard Invoice,Dealer,CUST-953867,"Dealer 953867",FC,Maize,Kaveri Pro,KG,Trade,MAT-58219,"Maize Kaveri Pro Seed (KG)",Kharif,Tamil Nadu,East TN,M. Selvam,Ramesh Nair,S. Kavin,25,99,2475,1531
INV-FY2425-10396,2024-10-29,F2,Standard Invoice,Dealer,CUST-589908,"Dealer 589908",VG,Cabbage,Acsen Winner,Packets,Own,MAT-75354,"Cabbage Acsen Winner Seed (Packets)",N/A,Maharashtra,Marathwada,S. Patil,T. Singh,A. Deshmukh,54,280,15120,10446
INV-FY2425-10397,2024-10-07,F2,Standard Invoice,Distributor,CUST-822707,"Distributor 822707",FC,Mustard,Pusa Bold,KG,Own,MAT-42348,"Mustard Pusa Bold Seed (KG)",Kharif,Karnataka,South Karnataka,B. Gowda,P. Joshi,H. Kumar,701,116,81316,50404
INV-FY2425-10398,2024-12-24,F2,Standard Invoice,Dealer,CUST-886019,"Dealer 886019",VG,Okra,Siri Green,KG,Own,MAT-34361,"Okra Siri Green Seed (KG)",N/A,Karnataka,Coastal Karnataka,B. Gowda,P. Joshi,H. Kumar,67,191,12797,8829
INV-FY2425-10399,2024-11-07,F2,Standard Invoice,Dealer,CUST-618534,"Dealer 618534",VG,Cabbage,Acsen Winner,Packets,Own,MAT-54719,"Cabbage Acsen Winner Seed (Packets)",N/A,Andhra Pradesh,Telangana Border,V. Naidu,K. Reddy,G. Rao,34,284,9656,6646
INV-FY2425-10400,2024-09-08,F2,Standard Invoice,Dealer,CUST-651429,"Dealer 651429",VG,Cabbage,Green Dome,Packets,Own,MAT-83832,"Cabbage Green Dome Seed (Packets)",N/A,Karnataka,Coastal Karnataka,B. Gowda,P. Joshi,H. Kumar,60,292,17520,11924
INV-FY2425-10401,2024-10-07,F2,Standard Invoice,Distributor,CUST-749725,"Distributor 749725",VG,Cabbage,Green Dome,Packets,Trade,MAT-59861,"Cabbage Green Dome Seed (Packets)",N/A,Karnataka,North Karnataka,B. Gowda,P. Joshi,H. Kumar,554,297,164538,121325
INV-FY2425-10402,2025-03-13,F2,Standard Invoice,Dealer,CUST-674214,"Dealer 674214",FC,Cotton,Acsen White Gold,Packets,Own,MAT-84538,"Cotton Acsen White Gold Seed (Packets)",Summer,Tamil Nadu,East TN,M. Selvam,Ramesh Nair,S. Kavin,20,788,15760,10724
INV-FY2425-10403,2024-12-28,F2,Standard Invoice,Dealer,CUST-183354,"Dealer 183354",VG,Cabbage,Green Dome,Packets,Trade,MAT-23485,"Cabbage Green Dome Seed (Packets)",N/A,Andhra Pradesh,Coastal AP,V. Naidu,K. Reddy,G. Rao,34,280,9520,5934
INV-FY2425-10404,2025-01-29,F2,Standard Invoice,Dealer,CUST-335690,"Dealer 335690",VG,Chilli,Teja Hot,Packets,Own,MAT-86426,"Chilli Teja Hot Seed (Packets)",N/A,Karnataka,South Karnataka,B. Gowda,P. Joshi,H. Kumar,26,331,8606,6253
INV-FY2425-10405,2024-11-05,F2,Standard Invoice,Dealer,CUST-946942,"Dealer 946942",FC,Cotton,Astra Bt2,Packets,Own,MAT-88119,"Cotton Astra Bt2 Seed (Packets)",Rabi,Tamil Nadu,East TN,M. Selvam,Ramesh Nair,S. Kavin,70,913,63910,46791
INV-FY2425-10406,2025-03-28,IPT,Stock Transfer (IPT),Distributor,CUST-765199,"Distributor 765199",VG,Cabbage,Acsen Winner,Packets,Own,MAT-34772,"Cabbage Acsen Winner Seed (Packets)",N/A,Karnataka,North Karnataka,B. Gowda,P. Joshi,H. Kumar,475,268,127300,83616
INV-FY2425-10407,2024-09-25,F2,Standard Invoice,Dealer,CUST-522727,"Dealer 522727",FC,Paddy,Acsen Ponni,KG,Own,MAT-69452,"Paddy Acsen Ponni Seed (KG)",Kharif,Tamil Nadu,South TN,M. Selvam,Ramesh Nair,S. Kavin,40,71,2840,1858
INV-FY2425-10408,2025-01-25,F2,Standard Invoice,Dealer,CUST-115457,"Dealer 115457",VG,Cabbage,Green Dome,Packets,Own,MAT-82921,"Cabbage Green Dome Seed (Packets)",N/A,Gujarat,North Gujarat,V. Patel,P. Joshi,R. Shah,85,276,23460,15523
INV-FY2425-10409,2024-09-08,F2,Standard Invoice,Dealer,CUST-272442,"Dealer 272442",FC,Paddy,Samba Deluxe,KG,Own,MAT-63074,"Paddy Samba Deluxe Seed (KG)",Kharif,Gujarat,South Gujarat,V. Patel,P. Joshi,R. Shah,58,79,4582,3221
INV-FY2425-10410,2025-02-25,F2,Standard Invoice,Dealer,CUST-343939,"Dealer 343939",VG,Tomato,Acsen Hybrid T1,Packets,Own,MAT-92202,"Tomato Acsen Hybrid T1 Seed (Packets)",N/A,Andhra Pradesh,Rayalaseema,V. Naidu,K. Reddy,G. Rao,108,471,50868,34877
INV-FY2425-10411,2024-11-22,F2,Standard Invoice,Dealer,CUST-307102,"Dealer 307102",FC,Paddy,Acsen Ponni,KG,Own,MAT-94823,"Paddy Acsen Ponni Seed (KG)",Rabi,Karnataka,South Karnataka,B. Gowda,P. Joshi,H. Kumar,28,71,1988,1468
INV-FY2425-10412,2024-12-14,F2,Standard Invoice,Dealer,CUST-479865,"Dealer 479865",VG,Cabbage,Green Dome,Packets,Own,MAT-88107,"Cabbage Green Dome Seed (Packets)",N/A,Karnataka,Coastal Karnataka,B. Gowda,P. Joshi,H. Kumar,14,284,3976,2666
INV-FY2425-10413,2024-09-19,F2,Standard Invoice,Dealer,CUST-333578,"Dealer 333578",VG,Chilli,Teja Hot,Packets,Own,MAT-70571,"Chilli Teja Hot Seed (Packets)",N/A,Andhra Pradesh,Telangana Border,V. Naidu,K. Reddy,G. Rao,53,301,15953,11615
INV-FY2425-10414,2024-09-20,F2,Standard Invoice,Distributor,CUST-639644,"Distributor 639644",VG,Cabbage,Acsen Winner,Packets,Trade,MAT-75379,"Cabbage Acsen Winner Seed (Packets)",N/A,Gujarat,South Gujarat,V. Patel,P. Joshi,R. Shah,989,285,281865,185559
INV-FY2425-10415,2025-02-26,F2,Standard Invoice,Dealer,CUST-320991,"Dealer 320991",FC,Maize,Kaveri Pro,KG,Own,MAT-11479,"Maize Kaveri Pro Seed (KG)",Rabi,Andhra Pradesh,Telangana Border,V. Naidu,K. Reddy,G. Rao,45,82,3690,2341
INV-FY2425-10416,2024-11-22,F2,Standard Invoice,Distributor,CUST-178299,"Distributor 178299",VG,Okra,No. 10,KG,Own,MAT-42615,"Okra No. 10 Seed (KG)",N/A,Maharashtra,Marathwada,S. Patil,T. Singh,A. Deshmukh,425,163,69275,43599
INV-FY2425-10417,2024-09-21,F2,Standard Invoice,Distributor,CUST-438663,"Distributor 438663",FC,Mustard,Pusa Bold,KG,Own,MAT-21027,"Mustard Pusa Bold Seed (KG)",Kharif,Maharashtra,Marathwada,S. Patil,T. Singh,A. Deshmukh,735,116,85260,56579
INV-FY2425-10418,2025-02-08,F2,Standard Invoice,Dealer,CUST-560207,"Dealer 560207",FC,Paddy,Super Sona,KG,Trade,MAT-74020,"Paddy Super Sona Seed (KG)",Rabi,Maharashtra,Marathwada,S. Patil,T. Singh,A. Deshmukh,12,68,816,534
INV-FY2425-10419,2025-03-26,F2,Standard Invoice,Dealer,CUST-878263,"Dealer 878263",VG,Okra,Acsen Anamika,KG,Own,MAT-75793,"Okra Acsen Anamika Seed (KG)",N/A,Gujarat,South Gujarat,V. Patel,P. Joshi,R. Shah,88,181,15928,9761
INV-FY2425-10420,2024-12-06,S1,Cancelled Invoice,Dealer,CUST-901968,"Dealer 901968",FC,Paddy,Samba Deluxe,KG,Own,MAT-35877,"Paddy Samba Deluxe Seed (KG)",Rabi,Andhra Pradesh,Rayalaseema,V. Naidu,K. Reddy,G. Rao,66,68,4488,3361
INV-FY2425-10421,2024-09-10,IPT,Stock Transfer (IPT),Distributor,CUST-476173,"Distributor 476173",VG,Chilli,Teja Hot,Packets,Own,MAT-65185,"Chilli Teja Hot Seed (Packets)",N/A,Karnataka,South Karnataka,B. Gowda,P. Joshi,H. Kumar,743,317,235531,147382
INV-FY2425-10422,2024-10-27,F2,Standard Invoice,Dealer,CUST-478919,"Dealer 478919",VG,Tomato,Red Ruby,Packets,Own,MAT-63420,"Tomato Red Ruby Seed (Packets)",N/A,Tamil Nadu,East TN,M. Selvam,Ramesh Nair,S. Kavin,104,425,44200,27653
INV-FY2425-10423,2024-10-10,RE,Returns,Dealer,CUST-542926,"Dealer 542926",FC,Maize,Super Gold 99,KG,Trade,MAT-71684,"Maize Super Gold 99 Seed (KG)",Kharif,Tamil Nadu,West TN,M. Selvam,Ramesh Nair,S. Kavin,50,93,4650,2994
INV-FY2425-10424,2025-02-06,F2,Standard Invoice,Dealer,CUST-539470,"Dealer 539470",FC,Paddy,Super Sona,KG,Own,MAT-84183,"Paddy Super Sona Seed (KG)",Rabi,Karnataka,Coastal Karnataka,B. Gowda,P. Joshi,H. Kumar,19,74,1406,1020
INV-FY2425-10425,2025-03-27,F2,Standard Invoice,Dealer,CUST-429168,"Dealer 429168",VG,Tomato,Red Ruby,Packets,Own,MAT-51094,"Tomato Red Ruby Seed (Packets)",N/A,Maharashtra,Marathwada,S. Patil,T. Singh,A. Deshmukh,57,423,24111,17531
INV-FY2425-10426,2024-09-24,F2,Standard Invoice,Distributor,CUST-793720,"Distributor 793720",VG,Cabbage,Acsen Winner,Packets,Own,MAT-92140,"Cabbage Acsen Winner Seed (Packets)",N/A,Karnataka,South Karnataka,B. Gowda,P. Joshi,H. Kumar,955,283,270265,181459
INV-FY2425-10427,2024-10-23,F2,Standard Invoice,Dealer,CUST-559263,"Dealer 559263",VG,Tomato,Red Ruby,Packets,Trade,MAT-99729,"Tomato Red Ruby Seed (Packets)",N/A,Karnataka,North Karnataka,B. Gowda,P. Joshi,H. Kumar,45,414,18630,13394
INV-FY2425-10428,2025-01-21,F2,Standard Invoice,Distributor,CUST-419542,"Distributor 419542",VG,Okra,Siri Green,KG,Own,MAT-37235,"Okra Siri Green Seed (KG)",N/A,Gujarat,Saurashtra,V. Patel,P. Joshi,R. Shah,306,172,52632,38417
INV-FY2425-10429,2025-01-31,F2,Standard Invoice,Dealer,CUST-628749,"Dealer 628749",VG,Okra,Siri Green,KG,Own,MAT-47379,"Okra Siri Green Seed (KG)",N/A,Tamil Nadu,South TN,M. Selvam,Ramesh Nair,S. Kavin,92,173,15916,11404
INV-FY2425-10430,2025-01-29,F2,Standard Invoice,Dealer,CUST-117870,"Dealer 117870",FC,Cotton,Astra Bt2,Packets,Trade,MAT-61085,"Cotton Astra Bt2 Seed (Packets)",Rabi,Andhra Pradesh,Telangana Border,V. Naidu,K. Reddy,G. Rao,62,836,51832,35330
INV-FY2425-10431,2025-01-17,F2,Standard Invoice,Dealer,CUST-317605,"Dealer 317605",VG,Okra,Acsen Anamika,KG,Own,MAT-66249,"Okra Acsen Anamika Seed (KG)",N/A,Gujarat,Saurashtra,V. Patel,P. Joshi,R. Shah,83,174,14442,9244
INV-FY2425-10432,2025-03-14,F2,Standard Invoice,Dealer,CUST-725040,"Dealer 725040",VG,Tomato,Gold Crest,Packets,Own,MAT-70130,"Tomato Gold Crest Seed (Packets)",N/A,Maharashtra,Marathwada,S. Patil,T. Singh,A. Deshmukh,15,486,7290,5328
INV-FY2425-10433,2024-09-20,F2,Standard Invoice,Distributor,CUST-596055,"Distributor 596055",FC,Maize,Super Gold 99,KG,Own,MAT-50688,"Maize Super Gold 99 Seed (KG)",Kharif,Tamil Nadu,North TN,M. Selvam,Ramesh Nair,S. Kavin,501,98,49098,30532
INV-FY2425-10434,2024-09-29,F2,Standard Invoice,Distributor,CUST-628269,"Distributor 628269",FC,Cotton,Astra Bt2,Packets,Own,MAT-37728,"Cotton Astra Bt2 Seed (Packets)",Kharif,Karnataka,South Karnataka,B. Gowda,P. Joshi,H. Kumar,452,881,398212,273851
INV-FY2425-10435,2025-02-14,F2,Standard Invoice,Dealer,CUST-394260,"Dealer 394260",VG,Tomato,Gold Crest,Packets,Own,MAT-67480,"Tomato Gold Crest Seed (Packets)",N/A,Maharashtra,Marathwada,S. Patil,T. Singh,A. Deshmukh,44,457,20108,12982
INV-FY2425-10436,2025-03-29,F2,Standard Invoice,Dealer,CUST-283794,"Dealer 283794",FC,Cotton,Kalyan,Packets,Own,MAT-83803,"Cotton Kalyan Seed (Packets)",Summer,Andhra Pradesh,Telangana Border,V. Naidu,K. Reddy,G. Rao,56,914,51184,31622
INV-FY2425-10437,2024-09-14,RE,Returns,Distributor,CUST-650603,"Distributor 650603",FC,Cotton,Acsen White Gold,Packets,Own,MAT-12046,"Cotton Acsen White Gold Seed (Packets)",Kharif,Andhra Pradesh,Rayalaseema,V. Naidu,K. Reddy,G. Rao,900,805,724500,490773
INV-FY2425-10438,2024-12-03,F2,Standard Invoice,Distributor,CUST-440707,"Distributor 440707",VG,Tomato,Acsen Hybrid T1,Packets,Own,MAT-34413,"Tomato Acsen Hybrid T1 Seed (Packets)",N/A,Karnataka,South Karnataka,B. Gowda,P. Joshi,H. Kumar,368,430,158240,113256
INV-FY2425-10439,2024-10-05,F2,Standard Invoice,Distributor,CUST-845654,"Distributor 845654",VG,Tomato,Red Ruby,Packets,Own,MAT-46410,"Tomato Red Ruby Seed (Packets)",N/A,Andhra Pradesh,Telangana Border,V. Naidu,K. Reddy,G. Rao,1081,443,478883,339335
INV-FY2425-10440,2024-10-11,F2,Standard Invoice,Dealer,CUST-343095,"Dealer 343095",FC,Cotton,Kalyan,Packets,Own,MAT-47026,"Cotton Kalyan Seed (Packets)",Kharif,Karnataka,North Karnataka,B. Gowda,P. Joshi,H. Kumar,83,788,65404,44708
INV-FY2425-10441,2025-01-01,F2,Standard Invoice,Distributor,CUST-879654,"Distributor 879654",VG,Okra,No. 10,KG,Own,MAT-75487,"Okra No. 10 Seed (KG)",N/A,Tamil Nadu,West TN,M. Selvam,Ramesh Nair,S. Kavin,866,163,141158,105060
INV-FY2425-10442,2025-01-03,F2,Standard Invoice,Dealer,CUST-629966,"Dealer 629966",VG,Cabbage,Green Dome,Packets,Own,MAT-19500,"Cabbage Green Dome Seed (Packets)",N/A,Andhra Pradesh,Coastal AP,V. Naidu,K. Reddy,G. Rao,78,274,21372,14539
INV-FY2425-10443,2024-09-17,F2,Standard Invoice,Dealer,CUST-489162,"Dealer 489162",FC,Maize,Super Gold 99,KG,Trade,MAT-93281,"Maize Super Gold 99 Seed (KG)",Kharif,Karnataka,North Karnataka,B. Gowda,P. Joshi,H. Kumar,10,85,850,525
INV-FY2425-10444,2024-12-21,RE,Returns,Dealer,CUST-743346,"Dealer 743346",VG,Tomato,Gold Crest,Packets,Own,MAT-43329,"Tomato Gold Crest Seed (Packets)",N/A,Karnataka,South Karnataka,B. Gowda,P. Joshi,H. Kumar,82,492,40344,24793
INV-FY2425-10445,2025-03-12,IPT,Stock Transfer (IPT),Dealer,CUST-732569,"Dealer 732569",VG,Chilli,Acsen Guntur Special,Packets,Own,MAT-97622,"Chilli Acsen Guntur Special Seed (Packets)",N/A,Karnataka,Coastal Karnataka,B. Gowda,P. Joshi,H. Kumar,556,341,189596,119658
INV-FY2425-10446,2024-10-26,RE,Returns,Dealer,CUST-876224,"Dealer 876224",VG,Chilli,Green Bullet,Packets,Own,MAT-79918,"Chilli Green Bullet Seed (Packets)",N/A,Karnataka,South Karnataka,B. Gowda,P. Joshi,H. Kumar,26,321,8346,5481
INV-FY2425-10447,2025-03-18,F2,Standard Invoice,Dealer,CUST-214651,"Dealer 214651",VG,Tomato,Gold Crest,Packets,Own,MAT-50551,"Tomato Gold Crest Seed (Packets)",N/A,Tamil Nadu,East TN,M. Selvam,Ramesh Nair,S. Kavin,20,454,9080,6198
INV-FY2425-10448,2025-02-25,IPT,Stock Transfer (IPT),Distributor,CUST-355880,"Distributor 355880",VG,Cabbage,Green Dome,Packets,Own,MAT-63208,"Cabbage Green Dome Seed (Packets)",N/A,Karnataka,North Karnataka,B. Gowda,P. Joshi,H. Kumar,328,264,86592,63599
INV-FY2425-10449,2025-01-06,F2,Standard Invoice,Dealer,CUST-899994,"Dealer 899994",FC,Mustard,Acsen Kanti,KG,Own,MAT-50561,"Mustard Acsen Kanti Seed (KG)",Rabi,Maharashtra,Western Maharashtra,S. Patil,T. Singh,A. Deshmukh,80,118,9440,6469
INV-FY2425-10450,2024-12-04,F2,Standard Invoice,Dealer,CUST-549835,"Dealer 549835",VG,Okra,Acsen Anamika,KG,Own,MAT-34561,"Okra Acsen Anamika Seed (KG)",N/A,Karnataka,Coastal Karnataka,B. Gowda,P. Joshi,H. Kumar,10,181,1810,1179
INV-FY2627-10451,2026-04-26,F2,Standard Invoice,Dealer,CUST-471591,"Dealer 471591",VG,Chilli,Teja Hot,Packets,Own,MAT-44153,"Chilli Teja Hot Seed (Packets)",N/A,Karnataka,South Karnataka,B. Gowda,P. Joshi,H. Kumar,67,326,21842,16195
INV-FY2627-10452,2026-04-20,F2,Standard Invoice,Distributor,CUST-677862,"Distributor 677862",VG,Chilli,Teja Hot,Packets,Own,MAT-25320,"Chilli Teja Hot Seed (Packets)",N/A,Gujarat,North Gujarat,V. Patel,P. Joshi,R. Shah,694,292,202648,139002
INV-FY2627-10453,2026-04-30,F2,Standard Invoice,Distributor,CUST-871295,"Distributor 871295",FC,Mustard,Pusa Bold,KG,Trade,MAT-70457,"Mustard Pusa Bold Seed (KG)",Summer,Maharashtra,Western Maharashtra,S. Patil,T. Singh,A. Deshmukh,932,100,93200,66385
INV-FY2627-10454,2026-04-29,F2,Standard Invoice,Dealer,CUST-101726,"Dealer 101726",FC,Cotton,Kalyan,Packets,Trade,MAT-63373,"Cotton Kalyan Seed (Packets)",Summer,Tamil Nadu,North TN,M. Selvam,Ramesh Nair,S. Kavin,49,826,40474,25139
INV-FY2627-10455,2026-04-20,F2,Standard Invoice,Dealer,CUST-517061,"Dealer 517061",VG,Tomato,Gold Crest,Packets,Own,MAT-38555,"Tomato Gold Crest Seed (Packets)",N/A,Gujarat,South Gujarat,V. Patel,P. Joshi,R. Shah,87,408,35496,21820
INV-FY2627-10456,2026-04-11,RE,Returns,Distributor,CUST-963844,"Distributor 963844",FC,Maize,Super Gold 99,KG,Trade,MAT-34714,"Maize Super Gold 99 Seed (KG)",Summer,Maharashtra,Marathwada,S. Patil,T. Singh,A. Deshmukh,489,91,44499,31929
INV-FY2627-10457,2026-05-21,F2,Standard Invoice,Dealer,CUST-737216,"Dealer 737216",FC,Cotton,Acsen White Gold,Packets,Own,MAT-63769,"Cotton Acsen White Gold Seed (Packets)",Summer,Maharashtra,Western Maharashtra,S. Patil,T. Singh,A. Deshmukh,18,877,15786,9936
INV-FY2627-10458,2026-04-06,F2,Standard Invoice,Dealer,CUST-257030,"Dealer 257030",VG,Cabbage,Acsen Winner,Packets,Own,MAT-36570,"Cabbage Acsen Winner Seed (Packets)",N/A,Tamil Nadu,North TN,M. Selvam,Ramesh Nair,S. Kavin,25,268,6700,4295
INV-FY2627-10459,2026-04-20,F2,Standard Invoice,Distributor,CUST-656439,"Distributor 656439",VG,Chilli,Green Bullet,Packets,Trade,MAT-62765,"Chilli Green Bullet Seed (Packets)",N/A,Tamil Nadu,North TN,M. Selvam,Ramesh Nair,S. Kavin,311,344,106984,70886
INV-FY2627-10460,2026-04-28,S1,Cancelled Invoice,Dealer,CUST-712873,"Dealer 712873",FC,Maize,Super Gold 99,KG,Own,MAT-25350,"Maize Super Gold 99 Seed (KG)",Summer,Tamil Nadu,East TN,M. Selvam,Ramesh Nair,S. Kavin,38,84,3192,2026
INV-FY2627-10461,2026-04-01,F2,Standard Invoice,Distributor,CUST-746053,"Distributor 746053",VG,Tomato,Gold Crest,Packets,Own,MAT-74993,"Tomato Gold Crest Seed (Packets)",N/A,Andhra Pradesh,Telangana Border,V. Naidu,K. Reddy,G. Rao,907,464,420848,314677
INV-FY2627-10462,2026-04-23,F2,Standard Invoice,Distributor,CUST-446769,"Distributor 446769",VG,Tomato,Gold Crest,Packets,Own,MAT-69937,"Tomato Gold Crest Seed (Packets)",N/A,Tamil Nadu,West TN,M. Selvam,Ramesh Nair,S. Kavin,587,453,265911,192126
INV-FY2627-10463,2026-04-15,IPT,Stock Transfer (IPT),Dealer,CUST-179012,"Dealer 179012",VG,Chilli,Acsen Guntur Special,Packets,Own,MAT-60856,"Chilli Acsen Guntur Special Seed (Packets)",N/A,Andhra Pradesh,Telangana Border,V. Naidu,K. Reddy,G. Rao,434,343,148862,101897
INV-FY2627-10464,2026-05-12,F2,Standard Invoice,Distributor,CUST-880597,"Distributor 880597",VG,Tomato,Gold Crest,Packets,Own,MAT-72405,"Tomato Gold Crest Seed (Packets)",N/A,Karnataka,North Karnataka,B. Gowda,P. Joshi,H. Kumar,1078,413,445214,319715
INV-FY2627-10465,2026-04-12,F2,Standard Invoice,Dealer,CUST-867704,"Dealer 867704",VG,Okra,Siri Green,KG,Trade,MAT-62795,"Okra Siri Green Seed (KG)",N/A,Tamil Nadu,South TN,M. Selvam,Ramesh Nair,S. Kavin,43,190,8170,5650
INV-FY2627-10466,2026-05-16,F2,Standard Invoice,Dealer,CUST-571739,"Dealer 571739",FC,Cotton,Kalyan,Packets,Own,MAT-87772,"Cotton Kalyan Seed (Packets)",Summer,Andhra Pradesh,Telangana Border,V. Naidu,K. Reddy,G. Rao,59,924,54516,38428
INV-FY2627-10467,2026-04-01,F2,Standard Invoice,Dealer,CUST-516777,"Dealer 516777",VG,Cabbage,Green Dome,Packets,Own,MAT-15449,"Cabbage Green Dome Seed (Packets)",N/A,Maharashtra,Marathwada,S. Patil,T. Singh,A. Deshmukh,74,265,19610,13393
INV-FY2627-10468,2026-05-01,F2,Standard Invoice,Dealer,CUST-799623,"Dealer 799623",FC,Maize,Kaveri Pro,KG,Own,MAT-42838,"Maize Kaveri Pro Seed (KG)",Summer,Tamil Nadu,East TN,M. Selvam,Ramesh Nair,S. Kavin,82,87,7134,4418
INV-FY2627-10469,2026-05-01,F2,Standard Invoice,Distributor,CUST-488461,"Distributor 488461",FC,Paddy,Super Sona,KG,Own,MAT-81608,"Paddy Super Sona Seed (KG)",Summer,Maharashtra,Marathwada,S. Patil,T. Singh,A. Deshmukh,470,76,35720,23588
INV-FY2627-10470,2026-04-03,F2,Standard Invoice,Dealer,CUST-157071,"Dealer 157071",VG,Okra,Siri Green,KG,Own,MAT-41511,"Okra Siri Green Seed (KG)",N/A,Andhra Pradesh,Rayalaseema,V. Naidu,K. Reddy,G. Rao,72,188,13536,8676
INV-FY2627-10471,2026-05-01,IPT,Stock Transfer (IPT),Distributor,CUST-296741,"Distributor 296741",VG,Chilli,Green Bullet,Packets,Trade,MAT-36004,"Chilli Green Bullet Seed (Packets)",N/A,Maharashtra,Vidarbha,S. Patil,T. Singh,A. Deshmukh,157,304,47728,30029
INV-FY2627-10472,2026-05-25,F2,Standard Invoice,Distributor,CUST-168442,"Distributor 168442",FC,Cotton,Astra Bt2,Packets,Own,MAT-14659,"Cotton Astra Bt2 Seed (Packets)",Summer,Maharashtra,Marathwada,S. Patil,T. Singh,A. Deshmukh,161,769,123809,81587
INV-FY2627-10473,2026-05-05,F2,Standard Invoice,Dealer,CUST-273942,"Dealer 273942",VG,Cabbage,Green Dome,Packets,Own,MAT-64546,"Cabbage Green Dome Seed (Packets)",N/A,Karnataka,South Karnataka,B. Gowda,P. Joshi,H. Kumar,41,275,11275,6923
INV-FY2627-10474,2026-05-14,F2,Standard Invoice,Dealer,CUST-651717,"Dealer 651717",VG,Tomato,Red Ruby,Packets,Own,MAT-95742,"Tomato Red Ruby Seed (Packets)",N/A,Maharashtra,Vidarbha,S. Patil,T. Singh,A. Deshmukh,12,452,5424,3381
INV-FY2627-10475,2026-04-26,RE,Returns,Dealer,CUST-266698,"Dealer 266698",FC,Maize,Acsen Star,KG,Trade,MAT-38232,"Maize Acsen Star Seed (KG)",Summer,Andhra Pradesh,Telangana Border,V. Naidu,K. Reddy,G. Rao,82,82,6724,4752
INV-FY2627-10476,2026-04-22,F2,Standard Invoice,Dealer,CUST-292394,"Dealer 292394",VG,Cabbage,Green Dome,Packets,Own,MAT-19461,"Cabbage Green Dome Seed (Packets)",N/A,Maharashtra,Vidarbha,S. Patil,T. Singh,A. Deshmukh,77,281,21637,13296
INV-FY2627-10477,2026-05-27,S1,Cancelled Invoice,Dealer,CUST-521262,"Dealer 521262",VG,Tomato,Acsen Hybrid T1,Packets,Own,MAT-41722,"Tomato Acsen Hybrid T1 Seed (Packets)",N/A,Tamil Nadu,North TN,M. Selvam,Ramesh Nair,S. Kavin,88,467,41096,25182
INV-FY2627-10478,2026-05-15,F2,Standard Invoice,Distributor,CUST-924817,"Distributor 924817",FC,Paddy,Samba Deluxe,KG,Own,MAT-44811,"Paddy Samba Deluxe Seed (KG)",Summer,Gujarat,South Gujarat,V. Patel,P. Joshi,R. Shah,726,72,52272,34328
INV-FY2627-10479,2026-04-08,F2,Standard Invoice,Dealer,CUST-242168,"Dealer 242168",FC,Maize,Acsen Star,KG,Own,MAT-53251,"Maize Acsen Star Seed (KG)",Summer,Maharashtra,Western Maharashtra,S. Patil,T. Singh,A. Deshmukh,43,90,3870,2468
INV-FY2627-10480,2026-05-06,F2,Standard Invoice,Dealer,CUST-379398,"Dealer 379398",FC,Maize,Kaveri Pro,KG,Own,MAT-56624,"Maize Kaveri Pro Seed (KG)",Summer,Tamil Nadu,South TN,M. Selvam,Ramesh Nair,S. Kavin,93,86,7998,5178
INV-FY2627-10481,2026-05-23,F2,Standard Invoice,Distributor,CUST-169787,"Distributor 169787",FC,Mustard,Acsen Kanti,KG,Own,MAT-34229,"Mustard Acsen Kanti Seed (KG)",Summer,Maharashtra,Marathwada,S. Patil,T. Singh,A. Deshmukh,1023,112,114576,81797
INV-FY2627-10482,2026-04-02,F2,Standard Invoice,Dealer,CUST-884590,"Dealer 884590",FC,Cotton,Kalyan,Packets,Own,MAT-24543,"Cotton Kalyan Seed (Packets)",Summer,Maharashtra,Western Maharashtra,S. Patil,T. Singh,A. Deshmukh,64,896,57344,37497
INV-FY2627-10483,2026-05-03,F2,Standard Invoice,Dealer,CUST-181609,"Dealer 181609",FC,Mustard,Pusa Bold,KG,Own,MAT-93592,"Mustard Pusa Bold Seed (KG)",Summer,Gujarat,South Gujarat,V. Patel,P. Joshi,R. Shah,32,100,3200,2302
INV-FY2627-10484,2026-05-16,RE,Returns,Distributor,CUST-981556,"Distributor 981556",VG,Okra,Acsen Anamika,KG,Trade,MAT-36487,"Okra Acsen Anamika Seed (KG)",N/A,Gujarat,North Gujarat,V. Patel,P. Joshi,R. Shah,157,188,29516,20296
INV-FY2627-10485,2026-05-28,IPT,Stock Transfer (IPT),Distributor,CUST-907753,"Distributor 907753",FC,Mustard,Pusa Bold,KG,Own,MAT-17850,"Mustard Pusa Bold Seed (KG)",Summer,Tamil Nadu,East TN,M. Selvam,Ramesh Nair,S. Kavin,111,120,13320,8482
INV-FY2627-10486,2026-04-22,RE,Returns,Dealer,CUST-397921,"Dealer 397921",FC,Cotton,Acsen White Gold,Packets,Trade,MAT-18989,"Cotton Acsen White Gold Seed (Packets)",Summer,Maharashtra,Marathwada,S. Patil,T. Singh,A. Deshmukh,92,838,77096,48891
INV-FY2627-10487,2026-04-26,F2,Standard Invoice,Distributor,CUST-795751,"Distributor 795751",FC,Mustard,Pusa Bold,KG,Own,MAT-62105,"Mustard Pusa Bold Seed (KG)",Summer,Andhra Pradesh,Telangana Border,V. Naidu,K. Reddy,G. Rao,157,104,16328,10924
INV-FY2627-10488,2026-04-25,RE,Returns,Distributor,CUST-323873,"Distributor 323873",VG,Okra,Siri Green,KG,Own,MAT-58880,"Okra Siri Green Seed (KG)",N/A,Maharashtra,Marathwada,S. Patil,T. Singh,A. Deshmukh,479,163,78077,57590
INV-FY2627-10489,2026-05-25,F2,Standard Invoice,Dealer,CUST-472708,"Dealer 472708",VG,Tomato,Gold Crest,Packets,Own,MAT-36903,"Tomato Gold Crest Seed (Packets)",N/A,Maharashtra,Marathwada,S. Patil,T. Singh,A. Deshmukh,74,437,32338,21287
INV-FY2627-10490,2026-04-01,RE,Returns,Distributor,CUST-665684,"Distributor 665684",VG,Tomato,Gold Crest,Packets,Own,MAT-68095,"Tomato Gold Crest Seed (Packets)",N/A,Tamil Nadu,South TN,M. Selvam,Ramesh Nair,S. Kavin,903,448,404544,250706
INV-FY2627-10491,2026-05-18,F2,Standard Invoice,Dealer,CUST-185317,"Dealer 185317",VG,Tomato,Red Ruby,Packets,Own,MAT-54139,"Tomato Red Ruby Seed (Packets)",N/A,Gujarat,Saurashtra,V. Patel,P. Joshi,R. Shah,36,444,15984,9738
INV-FY2627-10492,2026-05-04,F2,Standard Invoice,Dealer,CUST-908529,"Dealer 908529",VG,Cabbage,Acsen Winner,Packets,Own,MAT-65850,"Cabbage Acsen Winner Seed (Packets)",N/A,Karnataka,South Karnataka,B. Gowda,P. Joshi,H. Kumar,44,306,13464,9464
INV-FY2627-10493,2026-05-12,F2,Standard Invoice,Dealer,CUST-708882,"Dealer 708882",FC,Mustard,Pusa Bold,KG,Own,MAT-64847,"Mustard Pusa Bold Seed (KG)",Summer,Tamil Nadu,West TN,M. Selvam,Ramesh Nair,S. Kavin,19,99,1881,1326
INV-FY2627-10494,2026-05-24,F2,Standard Invoice,Dealer,CUST-445018,"Dealer 445018",VG,Chilli,Teja Hot,Packets,Own,MAT-26353,"Chilli Teja Hot Seed (Packets)",N/A,Maharashtra,Vidarbha,S. Patil,T. Singh,A. Deshmukh,61,297,18117,13111
INV-FY2627-10495,2026-04-21,F2,Standard Invoice,Distributor,CUST-526885,"Distributor 526885",VG,Okra,Siri Green,KG,Own,MAT-40218,"Okra Siri Green Seed (KG)",N/A,Tamil Nadu,South TN,M. Selvam,Ramesh Nair,S. Kavin,761,193,146873,95888
INV-FY2627-10496,2026-04-12,F2,Standard Invoice,Dealer,CUST-936043,"Dealer 936043",FC,Paddy,Super Sona,KG,Trade,MAT-71466,"Paddy Super Sona Seed (KG)",Summer,Tamil Nadu,South TN,M. Selvam,Ramesh Nair,S. Kavin,44,82,3608,2319
INV-FY2627-10497,2026-05-21,F2,Standard Invoice,Distributor,CUST-640674,"Distributor 640674",VG,Chilli,Acsen Guntur Special,Packets,Own,MAT-81372,"Chilli Acsen Guntur Special Seed (Packets)",N/A,Andhra Pradesh,Rayalaseema,V. Naidu,K. Reddy,G. Rao,620,327,202740,126631
INV-FY2627-10498,2026-04-02,F2,Standard Invoice,Distributor,CUST-457646,"Distributor 457646",VG,Cabbage,Green Dome,Packets,Own,MAT-39580,"Cabbage Green Dome Seed (Packets)",N/A,Karnataka,Coastal Karnataka,B. Gowda,P. Joshi,H. Kumar,673,277,186421,136604
INV-FY2627-10499,2026-04-30,F2,Standard Invoice,Distributor,CUST-792038,"Distributor 792038",VG,Chilli,Teja Hot,Packets,Own,MAT-74981,"Chilli Teja Hot Seed (Packets)",N/A,Maharashtra,Marathwada,S. Patil,T. Singh,A. Deshmukh,231,307,70917,52757
INV-FY2627-10500,2026-04-30,RE,Returns,Distributor,CUST-106557,"Distributor 106557",VG,Chilli,Green Bullet,Packets,Own,MAT-84326,"Chilli Green Bullet Seed (Packets)",N/A,Gujarat,Saurashtra,V. Patel,P. Joshi,R. Shah,894,330,295020,197164
INV-FY2627-10501,2026-05-28,F2,Standard Invoice,Dealer,CUST-654107,"Dealer 654107",FC,Paddy,Samba Deluxe,KG,Own,MAT-83267,"Paddy Samba Deluxe Seed (KG)",Summer,Gujarat,Saurashtra,V. Patel,P. Joshi,R. Shah,36,82,2952,1910
INV-FY2627-10502,2026-04-17,F2,Standard Invoice,Distributor,CUST-773154,"Distributor 773154",FC,Maize,Kaveri Pro,KG,Own,MAT-72328,"Maize Kaveri Pro Seed (KG)",Summer,Karnataka,Coastal Karnataka,B. Gowda,P. Joshi,H. Kumar,599,90,53910,37404
INV-FY2627-10503,2026-04-23,F2,Standard Invoice,Dealer,CUST-952681,"Dealer 952681",FC,Cotton,Astra Bt2,Packets,Trade,MAT-21559,"Cotton Astra Bt2 Seed (Packets)",Summer,Maharashtra,Vidarbha,S. Patil,T. Singh,A. Deshmukh,24,909,21816,14924
INV-FY2627-10504,2026-04-10,F2,Standard Invoice,Dealer,CUST-366781,"Dealer 366781",VG,Okra,No. 10,KG,Own,MAT-97931,"Okra No. 10 Seed (KG)",N/A,Gujarat,Saurashtra,V. Patel,P. Joshi,R. Shah,37,176,6512,4301
INV-FY2627-10505,2026-04-16,F2,Standard Invoice,Dealer,CUST-953966,"Dealer 953966",VG,Tomato,Gold Crest,Packets,Own,MAT-86714,"Tomato Gold Crest Seed (Packets)",N/A,Gujarat,Saurashtra,V. Patel,P. Joshi,R. Shah,13,485,6305,4216
INV-FY2627-10506,2026-05-19,F2,Standard Invoice,Dealer,CUST-463316,"Dealer 463316",FC,Mustard,Pusa Bold,KG,Own,MAT-44111,"Mustard Pusa Bold Seed (KG)",Summer,Karnataka,Coastal Karnataka,B. Gowda,P. Joshi,H. Kumar,23,117,2691,1744
INV-FY2627-10507,2026-05-12,F2,Standard Invoice,Dealer,CUST-207441,"Dealer 207441",VG,Okra,Siri Green,KG,Own,MAT-87846,"Okra Siri Green Seed (KG)",N/A,Maharashtra,Marathwada,S. Patil,T. Singh,A. Deshmukh,44,171,7524,5447
INV-FY2627-10508,2026-04-20,F2,Standard Invoice,Distributor,CUST-110559,"Distributor 110559",VG,Cabbage,Green Dome,Packets,Own,MAT-47096,"Cabbage Green Dome Seed (Packets)",N/A,Andhra Pradesh,Telangana Border,V. Naidu,K. Reddy,G. Rao,224,304,68096,43182
INV-FY2627-10509,2026-04-26,S1,Cancelled Invoice,Dealer,CUST-649447,"Dealer 649447",FC,Maize,Kaveri Pro,KG,Own,MAT-14389,"Maize Kaveri Pro Seed (KG)",Summer,Gujarat,South Gujarat,V. Patel,P. Joshi,R. Shah,49,98,4802,3596
INV-FY2627-10510,2026-05-27,RE,Returns,Distributor,CUST-251017,"Distributor 251017",VG,Okra,No. 10,KG,Own,MAT-26488,"Okra No. 10 Seed (KG)",N/A,Andhra Pradesh,Rayalaseema,V. Naidu,K. Reddy,G. Rao,704,193,135872,86319
INV-FY2627-10511,2026-04-25,F2,Standard Invoice,Distributor,CUST-492646,"Distributor 492646",VG,Chilli,Teja Hot,Packets,Own,MAT-10996,"Chilli Teja Hot Seed (Packets)",N/A,Karnataka,Coastal Karnataka,B. Gowda,P. Joshi,H. Kumar,225,295,66375,44277
INV-FY2627-10512,2026-04-26,F2,Standard Invoice,Dealer,CUST-707757,"Dealer 707757",FC,Cotton,Kalyan,Packets,Own,MAT-60339,"Cotton Kalyan Seed (Packets)",Summer,Karnataka,South Karnataka,B. Gowda,P. Joshi,H. Kumar,74,919,68006,49453
INV-FY2627-10513,2026-04-04,F2,Standard Invoice,Dealer,CUST-762290,"Dealer 762290",FC,Mustard,Acsen Kanti,KG,Own,MAT-14856,"Mustard Acsen Kanti Seed (KG)",Summer,Andhra Pradesh,Rayalaseema,V. Naidu,K. Reddy,G. Rao,43,100,4300,2724
INV-FY2627-10514,2026-05-22,F2,Standard Invoice,Dealer,CUST-180654,"Dealer 180654",FC,Maize,Kaveri Pro,KG,Own,MAT-34857,"Maize Kaveri Pro Seed (KG)",Summer,Gujarat,North Gujarat,V. Patel,P. Joshi,R. Shah,25,92,2300,1602
INV-FY2627-10515,2026-05-29,F2,Standard Invoice,Dealer,CUST-480805,"Dealer 480805",FC,Maize,Kaveri Pro,KG,Own,MAT-75682,"Maize Kaveri Pro Seed (KG)",Summer,Tamil Nadu,South TN,M. Selvam,Ramesh Nair,S. Kavin,75,90,6750,4448
INV-FY2627-10516,2026-05-12,F2,Standard Invoice,Dealer,CUST-899069,"Dealer 899069",VG,Chilli,Teja Hot,Packets,Own,MAT-45367,"Chilli Teja Hot Seed (Packets)",N/A,Karnataka,North Karnataka,B. Gowda,P. Joshi,H. Kumar,95,304,28880,20748
INV-FY2627-10517,2026-04-10,RE,Returns,Dealer,CUST-258915,"Dealer 258915",FC,Cotton,Astra Bt2,Packets,Trade,MAT-70698,"Cotton Astra Bt2 Seed (Packets)",Summer,Gujarat,North Gujarat,V. Patel,P. Joshi,R. Shah,79,864,68256,48900
INV-FY2627-10518,2026-04-13,F2,Standard Invoice,Dealer,CUST-922809,"Dealer 922809",FC,Paddy,Acsen Ponni,KG,Own,MAT-96006,"Paddy Acsen Ponni Seed (KG)",Summer,Gujarat,Saurashtra,V. Patel,P. Joshi,R. Shah,52,69,3588,2470
INV-FY2627-10519,2026-04-02,F2,Standard Invoice,Dealer,CUST-934981,"Dealer 934981",VG,Chilli,Green Bullet,Packets,Own,MAT-83865,"Chilli Green Bullet Seed (Packets)",N/A,Andhra Pradesh,Coastal AP,V. Naidu,K. Reddy,G. Rao,97,334,32398,21081
INV-FY2627-10520,2026-04-29,F2,Standard Invoice,Dealer,CUST-201579,"Dealer 201579",VG,Tomato,Acsen Hybrid T1,Packets,Own,MAT-39827,"Tomato Acsen Hybrid T1 Seed (Packets)",N/A,Maharashtra,Western Maharashtra,S. Patil,T. Singh,A. Deshmukh,20,438,8760,5942
INV-FY2627-10521,2026-05-13,F2,Standard Invoice,Dealer,CUST-472971,"Dealer 472971",FC,Maize,Acsen Star,KG,Own,MAT-24710,"Maize Acsen Star Seed (KG)",Summer,Gujarat,North Gujarat,V. Patel,P. Joshi,R. Shah,104,91,9464,6429
INV-FY2627-10522,2026-04-11,F2,Standard Invoice,Distributor,CUST-847742,"Distributor 847742",VG,Cabbage,Green Dome,Packets,Own,MAT-36958,"Cabbage Green Dome Seed (Packets)",N/A,Maharashtra,Marathwada,S. Patil,T. Singh,A. Deshmukh,126,275,34650,21668
INV-FY2627-10523,2026-04-01,F2,Standard Invoice,Dealer,CUST-371921,"Dealer 371921",FC,Maize,Acsen Star,KG,Trade,MAT-82431,"Maize Acsen Star Seed (KG)",Summer,Karnataka,Coastal Karnataka,B. Gowda,P. Joshi,H. Kumar,76,88,6688,4678
INV-FY2627-10524,2026-04-08,F2,Standard Invoice,Dealer,CUST-477013,"Dealer 477013",VG,Chilli,Green Bullet,Packets,Trade,MAT-56724,"Chilli Green Bullet Seed (Packets)",N/A,Karnataka,North Karnataka,B. Gowda,P. Joshi,H. Kumar,21,291,6111,4178
INV-FY2627-10525,2026-04-03,F2,Standard Invoice,Dealer,CUST-240487,"Dealer 240487",VG,Okra,Acsen Anamika,KG,Trade,MAT-57721,"Okra Acsen Anamika Seed (KG)",N/A,Tamil Nadu,South TN,M. Selvam,Ramesh Nair,S. Kavin,41,181,7421,5506
INV-FY2627-10526,2026-05-05,RE,Returns,Dealer,CUST-965781,"Dealer 965781",VG,Cabbage,Acsen Winner,Packets,Own,MAT-79495,"Cabbage Acsen Winner Seed (Packets)",N/A,Maharashtra,Vidarbha,S. Patil,T. Singh,A. Deshmukh,66,304,20064,13165
INV-FY2627-10527,2026-04-09,F2,Standard Invoice,Dealer,CUST-180670,"Dealer 180670",FC,Cotton,Kalyan,Packets,Own,MAT-22494,"Cotton Kalyan Seed (Packets)",Summer,Karnataka,South Karnataka,B. Gowda,P. Joshi,H. Kumar,19,793,15067,10514
INV-FY2627-10528,2026-04-13,F2,Standard Invoice,Distributor,CUST-315949,"Distributor 315949",VG,Tomato,Red Ruby,Packets,Trade,MAT-24198,"Tomato Red Ruby Seed (Packets)",N/A,Andhra Pradesh,Coastal AP,V. Naidu,K. Reddy,G. Rao,370,425,157250,99843
INV-FY2627-10529,2026-05-04,F2,Standard Invoice,Dealer,CUST-288368,"Dealer 288368",VG,Cabbage,Acsen Winner,Packets,Own,MAT-81131,"Cabbage Acsen Winner Seed (Packets)",N/A,Tamil Nadu,West TN,M. Selvam,Ramesh Nair,S. Kavin,51,284,14484,10239
INV-FY2627-10530,2026-05-12,F2,Standard Invoice,Dealer,CUST-552895,"Dealer 552895",VG,Tomato,Acsen Hybrid T1,Packets,Trade,MAT-68587,"Tomato Acsen Hybrid T1 Seed (Packets)",N/A,Karnataka,South Karnataka,B. Gowda,P. Joshi,H. Kumar,24,461,11064,7507
INV-FY2627-10531,2026-05-13,F2,Standard Invoice,Dealer,CUST-407494,"Dealer 407494",FC,Cotton,Acsen White Gold,Packets,Own,MAT-84149,"Cotton Acsen White Gold Seed (Packets)",Summer,Karnataka,South Karnataka,B. Gowda,P. Joshi,H. Kumar,52,854,44408,30608
INV-FY2627-10532,2026-05-09,F2,Standard Invoice,Dealer,CUST-309964,"Dealer 309964",VG,Chilli,Acsen Guntur Special,Packets,Trade,MAT-13581,"Chilli Acsen Guntur Special Seed (Packets)",N/A,Gujarat,North Gujarat,V. Patel,P. Joshi,R. Shah,49,345,16905,11650
INV-FY2627-10533,2026-05-16,RE,Returns,Dealer,CUST-450333,"Dealer 450333",VG,Tomato,Red Ruby,Packets,Own,MAT-68264,"Tomato Red Ruby Seed (Packets)",N/A,Karnataka,South Karnataka,B. Gowda,P. Joshi,H. Kumar,18,483,8694,5594
INV-FY2627-10534,2026-05-06,F2,Standard Invoice,Dealer,CUST-794239,"Dealer 794239",VG,Okra,Acsen Anamika,KG,Own,MAT-80236,"Okra Acsen Anamika Seed (KG)",N/A,Maharashtra,Western Maharashtra,S. Patil,T. Singh,A. Deshmukh,89,167,14863,10010
INV-FY2627-10535,2026-05-06,F2,Standard Invoice,Dealer,CUST-194080,"Dealer 194080",VG,Cabbage,Green Dome,Packets,Trade,MAT-22385,"Cabbage Green Dome Seed (Packets)",N/A,Tamil Nadu,East TN,M. Selvam,Ramesh Nair,S. Kavin,68,263,17884,12624
INV-FY2627-10536,2026-04-14,IPT,Stock Transfer (IPT),Dealer,CUST-969507,"Dealer 969507",VG,Chilli,Acsen Guntur Special,Packets,Own,MAT-17229,"Chilli Acsen Guntur Special Seed (Packets)",N/A,Karnataka,Coastal Karnataka,B. Gowda,P. Joshi,H. Kumar,622,331,205882,131437
INV-FY2627-10537,2026-05-15,F2,Standard Invoice,Dealer,CUST-611696,"Dealer 611696",VG,Chilli,Acsen Guntur Special,Packets,Own,MAT-38191,"Chilli Acsen Guntur Special Seed (Packets)",N/A,Maharashtra,Western Maharashtra,S. Patil,T. Singh,A. Deshmukh,107,329,35203,25687
INV-FY2627-10538,2026-05-17,F2,Standard Invoice,Dealer,CUST-679366,"Dealer 679366",VG,Cabbage,Green Dome,Packets,Own,MAT-15928,"Cabbage Green Dome Seed (Packets)",N/A,Andhra Pradesh,Coastal AP,V. Naidu,K. Reddy,G. Rao,71,275,19525,13605
INV-FY2627-10539,2026-05-29,F2,Standard Invoice,Dealer,CUST-658753,"Dealer 658753",VG,Chilli,Acsen Guntur Special,Packets,Trade,MAT-64612,"Chilli Acsen Guntur Special Seed (Packets)",N/A,Gujarat,Saurashtra,V. Patel,P. Joshi,R. Shah,58,304,17632,12196
INV-FY2627-10540,2026-05-11,F2,Standard Invoice,Dealer,CUST-853891,"Dealer 853891",VG,Cabbage,Green Dome,Packets,Own,MAT-39939,"Cabbage Green Dome Seed (Packets)",N/A,Gujarat,North Gujarat,V. Patel,P. Joshi,R. Shah,17,261,4437,3021
INV-FY2627-10541,2026-05-24,F2,Standard Invoice,Distributor,CUST-648345,"Distributor 648345",VG,Cabbage,Acsen Winner,Packets,Own,MAT-10626,"Cabbage Acsen Winner Seed (Packets)",N/A,Karnataka,Coastal Karnataka,B. Gowda,P. Joshi,H. Kumar,924,279,257796,193319
INV-FY2627-10542,2026-05-19,F2,Standard Invoice,Dealer,CUST-172294,"Dealer 172294",FC,Cotton,Astra Bt2,Packets,Own,MAT-67026,"Cotton Astra Bt2 Seed (Packets)",Summer,Gujarat,North Gujarat,V. Patel,P. Joshi,R. Shah,25,888,22200,13615
INV-FY2627-10543,2026-05-12,RE,Returns,Dealer,CUST-850461,"Dealer 850461",VG,Cabbage,Green Dome,Packets,Trade,MAT-51920,"Cabbage Green Dome Seed (Packets)",N/A,Maharashtra,Western Maharashtra,S. Patil,T. Singh,A. Deshmukh,68,289,19652,13015
INV-FY2627-10544,2026-05-21,F2,Standard Invoice,Dealer,CUST-473739,"Dealer 473739",FC,Paddy,Acsen Ponni,KG,Own,MAT-78592,"Paddy Acsen Ponni Seed (KG)",Summer,Andhra Pradesh,Coastal AP,V. Naidu,K. Reddy,G. Rao,88,75,6600,4579
INV-FY2627-10545,2026-04-12,F2,Standard Invoice,Distributor,CUST-895481,"Distributor 895481",VG,Chilli,Teja Hot,Packets,Own,MAT-33433,"Chilli Teja Hot Seed (Packets)",N/A,Maharashtra,Vidarbha,S. Patil,T. Singh,A. Deshmukh,898,289,259522,160210
INV-FY2627-10546,2026-04-11,F2,Standard Invoice,Dealer,CUST-665638,"Dealer 665638",FC,Paddy,Super Sona,KG,Own,MAT-95587,"Paddy Super Sona Seed (KG)",Summer,Maharashtra,Western Maharashtra,S. Patil,T. Singh,A. Deshmukh,102,80,8160,5658
INV-FY2627-10547,2026-04-06,F2,Standard Invoice,Dealer,CUST-780570,"Dealer 780570",FC,Mustard,Acsen Kanti,KG,Own,MAT-33587,"Mustard Acsen Kanti Seed (KG)",Summer,Gujarat,Saurashtra,V. Patel,P. Joshi,R. Shah,53,110,5830,3826
INV-FY2627-10548,2026-05-13,F2,Standard Invoice,Distributor,CUST-455093,"Distributor 455093",VG,Chilli,Acsen Guntur Special,Packets,Own,MAT-67260,"Chilli Acsen Guntur Special Seed (Packets)",N/A,Karnataka,North Karnataka,B. Gowda,P. Joshi,H. Kumar,331,333,110223,80302
INV-FY2627-10549,2026-05-20,F2,Standard Invoice,Dealer,CUST-362465,"Dealer 362465",VG,Chilli,Green Bullet,Packets,Own,MAT-29172,"Chilli Green Bullet Seed (Packets)",N/A,Maharashtra,Marathwada,S. Patil,T. Singh,A. Deshmukh,76,319,24244,16542
INV-FY2627-10550,2026-05-21,IPT,Stock Transfer (IPT),Dealer,CUST-650100,"Dealer 650100",VG,Okra,Siri Green,KG,Trade,MAT-39872,"Okra Siri Green Seed (KG)",N/A,Andhra Pradesh,Rayalaseema,V. Naidu,K. Reddy,G. Rao,529,163,86227,53175
INV-FY2627-10551,2026-05-09,IPT,Stock Transfer (IPT),Dealer,CUST-503232,"Dealer 503232",VG,Tomato,Red Ruby,Packets,Own,MAT-46457,"Tomato Red Ruby Seed (Packets)",N/A,Maharashtra,Western Maharashtra,S. Patil,T. Singh,A. Deshmukh,166,419,69554,47490
INV-FY2627-10552,2026-05-05,F2,Standard Invoice,Dealer,CUST-418104,"Dealer 418104",VG,Cabbage,Green Dome,Packets,Own,MAT-86473,"Cabbage Green Dome Seed (Packets)",N/A,Maharashtra,Western Maharashtra,S. Patil,T. Singh,A. Deshmukh,64,283,18112,10969
INV-FY2627-10553,2026-05-14,F2,Standard Invoice,Distributor,CUST-909823,"Distributor 909823",VG,Cabbage,Acsen Winner,Packets,Own,MAT-25472,"Cabbage Acsen Winner Seed (Packets)",N/A,Karnataka,Coastal Karnataka,B. Gowda,P. Joshi,H. Kumar,961,284,272924,169346
INV-FY2627-10554,2026-04-03,F2,Standard Invoice,Distributor,CUST-408710,"Distributor 408710",VG,Cabbage,Green Dome,Packets,Own,MAT-92172,"Cabbage Green Dome Seed (Packets)",N/A,Maharashtra,Vidarbha,S. Patil,T. Singh,A. Deshmukh,203,267,54201,39342
INV-FY2627-10555,2026-05-03,S1,Cancelled Invoice,Dealer,CUST-181208,"Dealer 181208",VG,Tomato,Acsen Hybrid T1,Packets,Own,MAT-12479,"Tomato Acsen Hybrid T1 Seed (Packets)",N/A,Tamil Nadu,South TN,M. Selvam,Ramesh Nair,S. Kavin,94,409,38446,28775
INV-FY2627-10556,2026-04-30,F2,Standard Invoice,Dealer,CUST-435645,"Dealer 435645",VG,Cabbage,Green Dome,Packets,Own,MAT-92709,"Cabbage Green Dome Seed (Packets)",N/A,Tamil Nadu,East TN,M. Selvam,Ramesh Nair,S. Kavin,106,288,30528,22443
INV-FY2627-10557,2026-04-08,F2,Standard Invoice,Distributor,CUST-171101,"Distributor 171101",VG,Chilli,Teja Hot,Packets,Own,MAT-90685,"Chilli Teja Hot Seed (Packets)",N/A,Gujarat,Saurashtra,V. Patel,P. Joshi,R. Shah,948,301,285348,180251
INV-FY2627-10558,2026-05-25,F2,Standard Invoice,Dealer,CUST-713292,"Dealer 713292",FC,Maize,Acsen Star,KG,Own,MAT-12012,"Maize Acsen Star Seed (KG)",Summer,Maharashtra,Marathwada,S. Patil,T. Singh,A. Deshmukh,60,93,5580,3756
INV-FY2627-10559,2026-05-05,S1,Cancelled Invoice,Distributor,CUST-825111,"Distributor 825111",VG,Okra,Acsen Anamika,KG,Trade,MAT-67501,"Okra Acsen Anamika Seed (KG)",N/A,Andhra Pradesh,Rayalaseema,V. Naidu,K. Reddy,G. Rao,276,192,52992,36564
INV-FY2627-10560,2026-04-15,F2,Standard Invoice,Distributor,CUST-971197,"Distributor 971197",FC,Mustard,Acsen Kanti,KG,Own,MAT-59558,"Mustard Acsen Kanti Seed (KG)",Summer,Karnataka,South Karnataka,B. Gowda,P. Joshi,H. Kumar,623,115,71645,48773
INV-FY2627-10561,2026-05-19,F2,Standard Invoice,Dealer,CUST-267332,"Dealer 267332",FC,Paddy,Samba Deluxe,KG,Trade,MAT-20356,"Paddy Samba Deluxe Seed (KG)",Summer,Tamil Nadu,East TN,M. Selvam,Ramesh Nair,S. Kavin,13,69,897,590
INV-FY2627-10562,2026-05-12,F2,Standard Invoice,Dealer,CUST-817524,"Dealer 817524",VG,Cabbage,Green Dome,Packets,Trade,MAT-94050,"Cabbage Green Dome Seed (Packets)",N/A,Andhra Pradesh,Rayalaseema,V. Naidu,K. Reddy,G. Rao,46,259,11914,7580
INV-FY2627-10563,2026-04-09,F2,Standard Invoice,Dealer,CUST-454874,"Dealer 454874",FC,Cotton,Astra Bt2,Packets,Trade,MAT-75276,"Cotton Astra Bt2 Seed (Packets)",Summer,Karnataka,North Karnataka,B. Gowda,P. Joshi,H. Kumar,43,815,35045,23443
INV-FY2627-10564,2026-04-09,F2,Standard Invoice,Distributor,CUST-209891,"Distributor 209891",VG,Cabbage,Green Dome,Packets,Own,MAT-44228,"Cabbage Green Dome Seed (Packets)",N/A,Maharashtra,Vidarbha,S. Patil,T. Singh,A. Deshmukh,872,252,219744,154652
INV-FY2627-10565,2026-05-19,F2,Standard Invoice,Distributor,CUST-387300,"Distributor 387300",VG,Okra,No. 10,KG,Own,MAT-51419,"Okra No. 10 Seed (KG)",N/A,Maharashtra,Marathwada,S. Patil,T. Singh,A. Deshmukh,396,164,64944,43376
INV-FY2627-10566,2026-04-05,S1,Cancelled Invoice,Dealer,CUST-133862,"Dealer 133862",VG,Okra,Acsen Anamika,KG,Own,MAT-98989,"Okra Acsen Anamika Seed (KG)",N/A,Gujarat,North Gujarat,V. Patel,P. Joshi,R. Shah,92,195,17940,12242
INV-FY2627-10567,2026-04-19,F2,Standard Invoice,Dealer,CUST-433516,"Dealer 433516",VG,Okra,Acsen Anamika,KG,Own,MAT-53614,"Okra Acsen Anamika Seed (KG)",N/A,Maharashtra,Marathwada,S. Patil,T. Singh,A. Deshmukh,71,197,13987,8669
INV-FY2627-10568,2026-05-14,F2,Standard Invoice,Dealer,CUST-779783,"Dealer 779783",FC,Maize,Kaveri Pro,KG,Own,MAT-58195,"Maize Kaveri Pro Seed (KG)",Summer,Karnataka,North Karnataka,B. Gowda,P. Joshi,H. Kumar,65,93,6045,4380
INV-FY2627-10569,2026-05-24,F2,Standard Invoice,Dealer,CUST-984770,"Dealer 984770",VG,Cabbage,Acsen Winner,Packets,Own,MAT-22880,"Cabbage Acsen Winner Seed (Packets)",N/A,Tamil Nadu,North TN,M. Selvam,Ramesh Nair,S. Kavin,59,258,15222,9592
INV-FY2627-10570,2026-05-25,S1,Cancelled Invoice,Dealer,CUST-686705,"Dealer 686705",VG,Cabbage,Acsen Winner,Packets,Own,MAT-65148,"Cabbage Acsen Winner Seed (Packets)",N/A,Andhra Pradesh,Rayalaseema,V. Naidu,K. Reddy,G. Rao,52,262,13624,8399
INV-FY2627-10571,2026-05-17,F2,Standard Invoice,Dealer,CUST-898635,"Dealer 898635",VG,Cabbage,Green Dome,Packets,Own,MAT-89669,"Cabbage Green Dome Seed (Packets)",N/A,Gujarat,Saurashtra,V. Patel,P. Joshi,R. Shah,28,265,7420,5272
INV-FY2627-10572,2026-05-26,IPT,Stock Transfer (IPT),Distributor,CUST-593986,"Distributor 593986",VG,Chilli,Acsen Guntur Special,Packets,Own,MAT-12281,"Chilli Acsen Guntur Special Seed (Packets)",N/A,Karnataka,Coastal Karnataka,B. Gowda,P. Joshi,H. Kumar,731,319,233189,160411
INV-FY2627-10573,2026-05-16,F2,Standard Invoice,Dealer,CUST-181696,"Dealer 181696",VG,Cabbage,Acsen Winner,Packets,Own,MAT-17622,"Cabbage Acsen Winner Seed (Packets)",N/A,Karnataka,South Karnataka,B. Gowda,P. Joshi,H. Kumar,78,272,21216,15179
INV-FY2627-10574,2026-05-19,F2,Standard Invoice,Dealer,CUST-729883,"Dealer 729883",FC,Paddy,Super Sona,KG,Own,MAT-28312,"Paddy Super Sona Seed (KG)",Summer,Andhra Pradesh,Telangana Border,V. Naidu,K. Reddy,G. Rao,96,68,6528,4506
INV-FY2627-10575,2026-04-03,RE,Returns,Dealer,CUST-722715,"Dealer 722715",VG,Okra,No. 10,KG,Own,MAT-42146,"Okra No. 10 Seed (KG)",N/A,Gujarat,South Gujarat,V. Patel,P. Joshi,R. Shah,70,197,13790,9273
INV-FY2627-10576,2026-05-02,F2,Standard Invoice,Dealer,CUST-340960,"Dealer 340960",FC,Mustard,Acsen Kanti,KG,Own,MAT-79463,"Mustard Acsen Kanti Seed (KG)",Summer,Maharashtra,Vidarbha,S. Patil,T. Singh,A. Deshmukh,66,104,6864,4558
INV-FY2627-10577,2026-04-09,S1,Cancelled Invoice,Dealer,CUST-856580,"Dealer 856580",VG,Cabbage,Green Dome,Packets,Trade,MAT-74358,"Cabbage Green Dome Seed (Packets)",N/A,Andhra Pradesh,Telangana Border,V. Naidu,K. Reddy,G. Rao,98,276,27048,20064
INV-FY2627-10578,2026-04-17,S1,Cancelled Invoice,Distributor,CUST-354340,"Distributor 354340",VG,Chilli,Acsen Guntur Special,Packets,Own,MAT-16520,"Chilli Acsen Guntur Special Seed (Packets)",N/A,Andhra Pradesh,Rayalaseema,V. Naidu,K. Reddy,G. Rao,354,351,124254,78384
INV-FY2627-10579,2026-04-12,F2,Standard Invoice,Distributor,CUST-570475,"Distributor 570475",VG,Okra,Acsen Anamika,KG,Own,MAT-17116,"Okra Acsen Anamika Seed (KG)",N/A,Karnataka,Coastal Karnataka,B. Gowda,P. Joshi,H. Kumar,336,180,60480,40959
INV-FY2627-10580,2026-04-23,F2,Standard Invoice,Dealer,CUST-388756,"Dealer 388756",FC,Mustard,Acsen Kanti,KG,Own,MAT-66010,"Mustard Acsen Kanti Seed (KG)",Summer,Gujarat,South Gujarat,V. Patel,P. Joshi,R. Shah,105,108,11340,8003
INV-FY2627-10581,2026-05-02,F2,Standard Invoice,Dealer,CUST-198161,"Dealer 198161",FC,Maize,Kaveri Pro,KG,Own,MAT-66639,"Maize Kaveri Pro Seed (KG)",Summer,Gujarat,South Gujarat,V. Patel,P. Joshi,R. Shah,93,90,8370,6002
INV-FY2627-10582,2026-05-07,F2,Standard Invoice,Distributor,CUST-666505,"Distributor 666505",VG,Chilli,Acsen Guntur Special,Packets,Own,MAT-29599,"Chilli Acsen Guntur Special Seed (Packets)",N/A,Tamil Nadu,West TN,M. Selvam,Ramesh Nair,S. Kavin,142,292,41464,26465
INV-FY2627-10583,2026-05-26,F2,Standard Invoice,Distributor,CUST-705500,"Distributor 705500",VG,Cabbage,Acsen Winner,Packets,Own,MAT-26215,"Cabbage Acsen Winner Seed (Packets)",N/A,Karnataka,South Karnataka,B. Gowda,P. Joshi,H. Kumar,535,286,153010,98204
INV-FY2627-10584,2026-04-14,RE,Returns,Distributor,CUST-237552,"Distributor 237552",VG,Cabbage,Acsen Winner,Packets,Trade,MAT-92128,"Cabbage Acsen Winner Seed (Packets)",N/A,Gujarat,North Gujarat,V. Patel,P. Joshi,R. Shah,861,272,234192,149485
INV-FY2627-10585,2026-04-13,F2,Standard Invoice,Dealer,CUST-725149,"Dealer 725149",VG,Cabbage,Acsen Winner,Packets,Trade,MAT-49132,"Cabbage Acsen Winner Seed (Packets)",N/A,Gujarat,South Gujarat,V. Patel,P. Joshi,R. Shah,26,276,7176,4678
INV-FY2627-10586,2026-04-23,F2,Standard Invoice,Distributor,CUST-648762,"Distributor 648762",VG,Tomato,Acsen Hybrid T1,Packets,Own,MAT-64137,"Tomato Acsen Hybrid T1 Seed (Packets)",N/A,Andhra Pradesh,Coastal AP,V. Naidu,K. Reddy,G. Rao,807,479,386553,248955
INV-FY2627-10587,2026-05-07,F2,Standard Invoice,Dealer,CUST-824369,"Dealer 824369",FC,Paddy,Samba Deluxe,KG,Own,MAT-51792,"Paddy Samba Deluxe Seed (KG)",Summer,Tamil Nadu,East TN,M. Selvam,Ramesh Nair,S. Kavin,82,80,6560,4653
INV-FY2627-10588,2026-05-17,F2,Standard Invoice,Dealer,CUST-891725,"Dealer 891725",FC,Paddy,Acsen Ponni,KG,Own,MAT-58611,"Paddy Acsen Ponni Seed (KG)",Summer,Tamil Nadu,North TN,M. Selvam,Ramesh Nair,S. Kavin,38,73,2774,1916
INV-FY2627-10589,2026-04-10,IPT,Stock Transfer (IPT),Dealer,CUST-344593,"Dealer 344593",VG,Cabbage,Green Dome,Packets,Own,MAT-49694,"Cabbage Green Dome Seed (Packets)",N/A,Andhra Pradesh,Coastal AP,V. Naidu,K. Reddy,G. Rao,716,261,186876,114919
INV-FY2627-10590,2026-04-07,F2,Standard Invoice,Dealer,CUST-767379,"Dealer 767379",FC,Maize,Super Gold 99,KG,Own,MAT-42512,"Maize Super Gold 99 Seed (KG)",Summer,Karnataka,South Karnataka,B. Gowda,P. Joshi,H. Kumar,65,96,6240,4196
INV-FY2627-10591,2026-04-25,F2,Standard Invoice,Dealer,CUST-263074,"Dealer 263074",VG,Chilli,Acsen Guntur Special,Packets,Trade,MAT-10721,"Chilli Acsen Guntur Special Seed (Packets)",N/A,Maharashtra,Vidarbha,S. Patil,T. Singh,A. Deshmukh,67,328,21976,16142
INV-FY2627-10592,2026-04-16,F2,Standard Invoice,Dealer,CUST-653737,"Dealer 653737",FC,Mustard,Pusa Bold,KG,Own,MAT-76267,"Mustard Pusa Bold Seed (KG)",Summer,Tamil Nadu,East TN,M. Selvam,Ramesh Nair,S. Kavin,106,119,12614,7845
INV-FY2627-10593,2026-04-18,F2,Standard Invoice,Dealer,CUST-695773,"Dealer 695773",VG,Chilli,Acsen Guntur Special,Packets,Own,MAT-77126,"Chilli Acsen Guntur Special Seed (Packets)",N/A,Gujarat,South Gujarat,V. Patel,P. Joshi,R. Shah,57,300,17100,12399
INV-FY2627-10594,2026-04-30,F2,Standard Invoice,Dealer,CUST-931597,"Dealer 931597",VG,Okra,Siri Green,KG,Own,MAT-26139,"Okra Siri Green Seed (KG)",N/A,Tamil Nadu,East TN,M. Selvam,Ramesh Nair,S. Kavin,17,170,2890,2148
INV-FY2627-10595,2026-04-04,F2,Standard Invoice,Dealer,CUST-683329,"Dealer 683329",VG,Cabbage,Acsen Winner,Packets,Own,MAT-45136,"Cabbage Acsen Winner Seed (Packets)",N/A,Maharashtra,Marathwada,S. Patil,T. Singh,A. Deshmukh,94,298,28012,16937
INV-FY2627-10596,2026-05-18,IPT,Stock Transfer (IPT),Dealer,CUST-414482,"Dealer 414482",FC,Maize,Kaveri Pro,KG,Own,MAT-35672,"Maize Kaveri Pro Seed (KG)",Summer,Gujarat,South Gujarat,V. Patel,P. Joshi,R. Shah,339,97,32883,23207
INV-FY2627-10597,2026-04-29,F2,Standard Invoice,Dealer,CUST-572136,"Dealer 572136",VG,Okra,No. 10,KG,Own,MAT-70687,"Okra No. 10 Seed (KG)",N/A,Gujarat,South Gujarat,V. Patel,P. Joshi,R. Shah,69,192,13248,9142
INV-FY2627-10598,2026-05-26,F2,Standard Invoice,Dealer,CUST-542763,"Dealer 542763",VG,Cabbage,Acsen Winner,Packets,Own,MAT-67073,"Cabbage Acsen Winner Seed (Packets)",N/A,Andhra Pradesh,Telangana Border,V. Naidu,K. Reddy,G. Rao,77,278,21406,13507
INV-FY2627-10599,2026-05-21,RE,Returns,Dealer,CUST-858440,"Dealer 858440",FC,Mustard,Pusa Bold,KG,Own,MAT-95975,"Mustard Pusa Bold Seed (KG)",Summer,Gujarat,North Gujarat,V. Patel,P. Joshi,R. Shah,24,118,2832,1780
INV-FY2627-10600,2026-04-13,F2,Standard Invoice,Dealer,CUST-384661,"Dealer 384661",VG,Chilli,Acsen Guntur Special,Packets,Own,MAT-13329,"Chilli Acsen Guntur Special Seed (Packets)",N/A,Tamil Nadu,North TN,M. Selvam,Ramesh Nair,S. Kavin,91,329,29939,18435